2	1.8552995	1.8529332	1.8539169	1.8315226	1.7819324	1.7862514	1.7411881	1.6832761	1.6245558	1.5707577	1.510838	1.4557932	1.4005464	1.3405034	1.280479	1.2204716	1.1604799	1.1024459	1.052089	0.99318202	0.93345129	0.87374486	0.81406352	0.75441839	0.7035306	0.65053211	0.59121814	0.53195023	0.47273262	0.42162145	0.37269735	0.3139245	0.25523463	0.2080128	0.1593545	0.10124301	0.043237967	0.00087498464	-0.047746781	-0.10498507	-0.16209351	-0.19844009	-0.24727707	-0.30336449	-0.35759467	-0.38825192	-0.43757475	-0.49214645	-0.54647633	-0.60051357	-0.62780911	-0.66915215	-0.72139192	-0.77252476	-0.79048387	-0.83170117	-0.88120411	-0.9246985	-0.93532927	-0.97657301	-1.0225313	-1.0678106	-1.112353	-1.1133539	-1.1415006	-1.1820476	-1.2216484	-1.2599651	-1.257197	-1.2687004	-1.3022108	-1.3343358	-1.3148633	-1.3238813	-1.3502478	-1.3751039	-1.3978445	-1.3747433	-1.363172	-1.3799009	-1.3946007	-1.4070335	-1.3818325	-1.3485918	-1.3551119	-1.3590563	-1.3175174	-1.2829942	-1.2813922	-1.2776114	-1.2717249	-1.2640871	-1.2393642	-1.1687961	-1.1538332	-1.1393073	-1.1232281	-1.1056229	-1.0861113	-1.0649886	-1.0143318	-0.94685621	-0.92233699	-0.89620981	-0.86889559	-0.84042627	-0.81083376	-0.77979395	-0.74766974	-0.71455961	-0.68049362	-0.64534995	-0.60913056	-0.57208094	-0.53422776	-0.49559735	-0.45592942	-0.41556779	-0.37453521	-0.33285402	-0.29040725	-0.24727486	-0.2035837	-0.15935231	-0.11456775	-0.069120569	-0.023207855	0.023155204	0.067038384	0.077309561	0.1177145	0.1665479	0.2157326	0.26529729	0.28481169	0.32268684	0.37387236	0.42429444	0.44539584	0.48994085	0.52992863	0.55469228	0.58141894	0.61010581	0.64035834	0.67214826	0.70547017	0.74082907	0.77759661	0.79231619	0.78035575	0.82107054	0.86327661	0.87558403	0.87512101	0.92076711	0.96796209	1.0162722	1.0690575	1.1282183	1.1787725	1.2366521	1.2928445	1.3465007	1.4066794	1.4609044	1.5152049	1.5703576	1.6249792	1.6215067	1.6630092	1.7215738	1.7720129	1.7715318	1.7718723	1.7388533	1.6963131	1.6987555	1.6430146	1.5867046	1.531209	1.4758671	1.4155604	1.360819	1.3039103	1.243751	1.1836044	1.1312514	1.0742314	1.01769	0.97096771	0.98186228	0.94830338	0.90179064	0.86699374	0.88169635	0.84559438	0.80414417	0.76400333	0.72520255	0.68834572	0.65295587	0.61904139	0.58663261	0.55611465	0.52749761	0.50051469	0.46751285	0.41424264	0.39054275	0.34807155	0.30858487	0.28657974	0.2359268	0.1856179	0.15354628	0.13190761	0.083323506	0.035231515	0.011768861	-0.0097306328	-0.055834755	-0.10131312	-0.14626918	-0.19071524	-0.22734087	-0.22734087	-0.26381966	-0.30492451	-0.34538659	-0.38518491	-0.42399255	-0.46205953	-0.49936167	-0.53587446	-0.57136608	-0.60583644	-0.63940215	-0.6720356	-0.70364463	-0.73388822	-0.76307324	-0.79117019	-0.82249293	-0.90318262	-0.93969329	-0.96331214	-0.98562677	-1.0064292	-1.0254411	-1.0430184	-1.0591342	-1.0757676	-1.1478018	-1.1743801	-1.1840687	-1.1920991	-1.1981301	-1.202084	-1.2390675	-1.2831786	-1.2819161	-1.2781637	-1.2726422	-1.2895386	-1.3335154	-1.3218776	-1.3082233	-1.2928663	-1.2893157	-1.3276435	-1.3091797	-1.2859119	-1.2805396	-1.3045582	-1.2754449	-1.2448666	-1.2371922	-1.2443769	-1.2087979	-1.1718234	-1.1615394	-1.1534976	-1.1124036	-1.0701158	-1.0570658	-1.0358385	-0.99015149	-0.94367132	-0.92780412	-0.89555255	-0.8552551	-0.83884069	-0.78827613	-0.73655239	-0.69600465	-0.66986989	-0.61622483	-0.56226249	-0.50803828	-0.45918643	-0.42947217	-0.37554628	-0.31970483	-0.27128572	-0.23565936	-0.17873374	-0.12166844	-0.073418668	-0.031569365	0.026307118	0.069430191	0.12095688	0.17502903	0.21909577	0.27810712	0.33716916	0.39093292	0.4392911	0.4987618	0.54918155	0.60399595	0.66378571	0.72360045	0.78344583	0.83736645	0.89186654	0.95193906	1.0120303	1.0721371	1.1322571	1.1908978	1.2440549	1.3037784	1.3640698	1.4224726	1.4774101	1.5378202	1.5948781	1.6513519	1.6983988	1.6959564	1.7474931	1.8072223	1.8072223
3	1.5541114	1.5468377	1.543311	1.5505848	1.5286983	1.479367	1.431406	1.383905	1.3382233	1.2931124	1.2494133	1.1985396	1.141687	1.0849066	1.0281498	0.97148385	0.91485106	0.85828934	0.80179239	0.74534318	0.68899536	0.63267981	0.57648413	0.52033832	0.46428579	0.40832765	0.35243086	0.29668075	0.24339611	0.20781812	0.16499252	0.11028083	0.055735154	0.0012843479	-0.05291023	-0.10702657	-0.16087505	-0.20421507	-0.23237621	-0.27658253	-0.32881144	-0.38059281	-0.43223981	-0.48344726	-0.52073686	-0.5402692	-0.58019561	-0.628989	-0.67700614	-0.71705897	-0.7276674	-0.75429486	-0.79900833	-0.84285098	-0.88636708	-0.92857135	-0.95981182	-0.9568535	-0.97414298	-1.0116803	-1.0478063	-1.0834498	-1.1170729	-1.1500815	-1.1814516	-1.1838799	-1.1606742	-1.1753569	-1.2001122	-1.2221774	-1.2433312	-1.2623885	-1.2796599	-1.2955315	-1.3086666	-1.3209302	-1.3299796	-1.3378364	-1.3433079	-1.3466281	-1.348459	-1.347183	-1.3449659	-1.3394944	-1.3327219	-1.3236724	-1.3124627	-1.2999357	-1.2844695	-1.2681635	-1.2491061	-1.2288638	-1.2067986	-1.1828973	-1.1580139	-1.1307462	-1.1028356	-1.0729023	-1.0420204	-1.0098514	-1.0078975	-1.0200441	-0.98551791	-0.94764805	-0.90842228	-0.86850162	-0.82774708	-0.81404815	-0.8112866	-0.7678444	-0.72288609	-0.67709535	-0.63083412	-0.58407301	-0.56101823	-0.5461881	-0.49666367	-0.44696961	-0.39678661	-0.36072183	-0.33794478	-0.29240948	-0.2401673	-0.18750081	-0.1347202	-0.081657297	-0.028398031	0.02502487	0.060820776	0.093701527	0.14841322	0.20320066	0.25815039	0.31322546	0.36839289	0.4237266	0.47911023	0.53466049	0.59026955	0.64598853	0.70180182	0.75767642	0.8136752	0.86776918	0.90791124	0.95431235	1.0109783	1.0677058	1.1244685	1.1691981	1.2128096	1.2581549	1.3042906	1.3515679	1.4000614	1.4491631	1.4998554	1.5403527	1.5343863	1.5547088	1.6085723	1.6226274	1.6193745	1.6173618	1.6156843	1.6150328	1.6149933	1.6156448	1.6172434	1.619197	1.5648032	1.5240663	1.5287164	1.5048933	1.4525969	1.4455555	1.452139	1.4030373	1.3544332	1.3071559	1.2609031	1.2155578	1.1608876	1.1043567	1.0614729	1.0144126	0.95774665	0.91034409	0.87020203	0.81707025	0.76106276	0.70518816	0.64936544	0.59364646	0.53802718	0.48247691	0.42708217	0.37173637	0.31656894	0.26148067	0.20653094	0.15172908	0.097017388	0.062728188	0.028262621	-0.025160279	-0.078441363	-0.13150427	-0.1843089	-0.2369754	-0.28924409	-0.33656435	-0.3593414	-0.39374522	-0.44392821	-0.49366219	-0.54318661	-0.59202431	-0.63372767	-0.64652553	-0.67432015	-0.7201109	-0.76513449	-0.80984796	-0.85340034	-0.88702641	-0.88702641	-0.90604496	-0.94527073	-0.98324293	-1.0207802	-1.0086336	-1.0079017	-1.0400708	-1.0710881	-1.1010214	-1.1290792	-1.1548699	-1.1257676	-1.1110709	-1.1320088	-1.1513694	-1.1694156	-1.1850168	-1.1998256	-1.2116472	-1.2224211	-1.2309503	-1.2038242	-1.1504258	-1.1428826	-1.1442144	-1.1425866	-1.1398295	-1.134961	-1.1281553	-1.1200904	-1.1093267	-1.0977697	-1.0835507	-1.0682283	-1.0510962	-1.066844	-1.1013803	-1.0838883	-1.0598362	-1.033616	-1.0064214	-0.97781963	-0.98027284	-0.99825356	-0.9679873	-0.93342499	-0.89732644	-0.86047453	-0.82266143	-0.81312763	-0.81588919	-0.77579208	-0.73338852	-0.68999858	-0.66335433	-0.65561649	-0.61949809	-0.57273698	-0.52511384	-0.48497277	-0.46825461	-0.43480403	-0.38462104	-0.3339876	-0.28320188	-0.23188631	-0.18043768	-0.12863423	-0.09006963	-0.063230866	-0.015447025	0.037990771	0.091741373	0.14558258	0.19963217	0.25383504	0.30815804	0.36268604	0.41727702	0.47208066	0.52052242	0.55624042	0.60377718	0.65949617	0.71534718	0.77123702	0.82725541	0.88332221	0.93947372	0.99570192	1.0519769	1.1083526	1.1627265	1.2043336	1.2467649	1.290464	1.3354547	1.3811364	1.4285237	1.4763772	1.5257086	1.5510256	1.5437519	1.5373695	1.531403	1.5266732	1.5222838	1.5189572	1.5162345	1.5142365	1.5131868	1.5125204	1.5131464	1.5141154	1.5161134	1.5187556	1.5220822	1.5220822
4	1.9319422	1.9304802	1.9306454	1.9257272	1.8707128	1.81643	1.7627678	1.7099938	1.653684	1.5983692	1.5469133	1.490344	1.4331834	1.3760913	1.3262252	1.2771604	1.227701	1.1709128	1.1209437	1.0745918	1.0294687	0.98567788	0.93790689	0.88199275	0.83928766	0.7988644	0.75920633	0.70419741	0.65956631	0.62039663	0.56602861	0.51176228	0.45758094	0.40351968	0.36636696	0.3262427	0.27303601	0.22002845	0.16714999	0.1144025	0.061901019	0.0095576716	-0.042631399	-0.094567577	-0.14628351	-0.19781642	-0.24909226	-0.2775716	-0.31032743	-0.36004762	-0.40932902	-0.45832546	-0.50703216	-0.55519414	-0.58321349	-0.60190092	-0.64779572	-0.69314639	-0.7380483	-0.78232554	-0.79405835	-0.81216517	-0.85339115	-0.893567	-0.91195019	-0.9090263	-0.94538493	-0.98086731	-1.0081074	-0.99356087	-1.0110439	-1.0410416	-1.0697111	-1.0967857	-1.1026821	-1.0746881	-1.0931554	-1.1136304	-1.1328565	-1.1498617	-1.16539	-1.1795496	-1.1915997	-1.2017818	-1.2105028	-1.2173012	-1.2218506	-1.2248862	-1.2262551	-1.2250351	-1.2222963	-1.2180407	-1.2112424	-1.2028103	-1.1929105	-1.1808605	-1.1669752	-1.1517116	-1.1347064	-1.1157347	-1.0955028	-1.0739243	-1.0503168	-1.0514557	-1.07283	-1.0441604	-1.0143601	-0.9835717	-0.9513927	-0.95162307	-0.94934026	-0.91298163	-0.87547161	-0.85398045	-0.85623851	-0.81665	-0.77488432	-0.73531929	-0.72891881	-0.69805492	-0.65278846	-0.60689366	-0.58473863	-0.56043352	-0.51227154	-0.46362615	-0.41468605	-0.36544255	-0.34277813	-0.30560523	-0.25467039	-0.20339455	-0.15189898	-0.10021754	-0.048281359	0.0038757924	0.05618956	0.10869104	0.16141108	0.21426403	0.2672524	0.32045453	0.36278751	0.39763854	0.4516998	0.50586389	0.55642578	0.59280387	0.64328231	0.69310725	0.7320594	0.77272192	0.81443386	0.85720726	0.90173497	0.9527724	1.0082464	1.0547356	1.1022534	1.1522083	1.2091667	1.260543	1.312676	1.3698146	1.4269659	1.4815643	1.5329024	1.590162	1.6449065	1.6977194	1.7515754	1.8061725	1.8613773	1.9174068	1.9294524	1.9100389	1.8530096	1.7968948	1.7413749	1.686456	1.6326678	1.576871	1.5195009	1.4621359	1.4081159	1.3545988	1.2973429	1.2450428	1.1919766	1.1348695	1.0847218	1.0360464	0.98822049	0.94198046	0.89670212	0.85237512	0.80960171	0.7579649	0.70583736	0.66533836	0.62643949	0.58222933	0.52745709	0.48988738	0.44559246	0.39153475	0.33764334	0.29626587	0.26126627	0.20827789	0.15545144	0.10275991	0.050258431	-0.0020246206	-0.054148626	-0.1060848	-0.15773042	-0.20918722	-0.26045215	-0.31135585	-0.36202283	-0.41245987	-0.46251987	-0.49106688	-0.51771243	-0.56587442	-0.61353794	-0.66083911	-0.70771694	-0.72105775	-0.7478671	-0.7921097	-0.83546708	-0.85440561	-0.86236302	-0.90245846	-0.94168505	-0.96842253	-0.96127516	-0.98860534	-1.0229044	-1.0562183	-1.0422347	-1.0473992	-1.0759797	-1.1027142	-1.1282087	-1.1440182	-1.1129263	-1.1179199	-1.1366275	-1.1536327	-1.1686212	-1.1822218	-1.1942718	-1.2038784	-1.2120104	-1.2186618	-1.2227592	-1.2251898	-1.2261004	-1.2247316	-1.2213877	-1.2165332	-1.2097348	-1.2007137	-1.1902384	-1.1781883	-1.1637439	-1.1479406	-1.1307886	-1.1114451	-1.0907176	-1.0778506	-1.1058446	-1.0937654	-1.0664723	-1.0378027	-1.0076002	-0.99520421	-1.0097508	-0.9769253	-0.94127747	-0.90783501	-0.91247429	-0.88903739	-0.84873382	-0.80750784	-0.79356247	-0.77732351	-0.73304627	-0.68804907	-0.64261095	-0.59671616	-0.5816297	-0.54975325	-0.50154646	-0.4528209	-0.40376594	-0.3544307	-0.3047105	-0.27496808	-0.24329959	-0.19202375	-0.14045207	-0.08870031	-0.036764132	0.015458085	0.067832148	0.1203558	0.17310963	0.22601459	0.27904681	0.3322535	0.37008409	0.40962702	0.46368828	0.50187924	0.54579089	0.60056313	0.63932191	0.68691595	0.74088554	0.78179357	0.82391917	0.86706425	0.91161426	0.9574583	1.0042157	1.0520618	1.1012476	1.1539849	1.211092	1.2620991	1.3165081	1.373256	1.4256555	1.4813376	1.5387038	1.5960746	1.6506722	1.7048357	1.7597594	1.8156406	1.8156406
3	1.5154084	1.5093099	1.5070787	1.5131772	1.4816034	1.4282955	1.4342151	1.4273587	1.3773752	1.3636075	1.3754929	1.3347415	1.2854141	1.2258267	1.1746329	1.1306882	1.0738521	1.0148251	0.95589054	0.90588801	0.86526408	0.81047213	0.75226521	0.69420021	0.63621175	0.5783211	0.52057292	0.46288563	0.40538741	0.34797554	0.2906986	0.23359174	0.17656165	0.11978703	0.071640918	0.040135503	-0.0071133504	-0.062525467	-0.11756172	-0.17246504	-0.22706981	-0.28139201	-0.33553337	-0.36044949	-0.39023639	-0.4422752	-0.4939336	-0.54529428	-0.59599821	-0.63919507	-0.65180151	-0.6823344	-0.72994008	-0.77665592	-0.81677492	-0.81948108	-0.84069408	-0.88333606	-0.92481631	-0.96581042	-1.00533	-1.0235554	-1.0117182	-1.0336664	-1.0678984	-1.1001003	-1.1314573	-1.1613499	-1.1514754	-1.1231377	-1.1467054	-1.1693992	-1.1902108	-1.2091793	-1.2270846	-1.2420938	-1.2561051	-1.2677999	-1.277583	-1.2860119	-1.291426	-1.2957707	-1.297472	-1.2973475	-1.2956462	-1.2910537	-1.2853951	-1.2769662	-1.2669442	-1.2552494	-1.2410064	-1.2257744	-1.2078692	-1.188688	-1.1678764	-1.1449809	-1.1252111	-1.1535489	-1.1591627	-1.12927	-1.0977441	-1.0654902	-1.031154	-1.0125843	-1.0244215	-1.0024384	-0.96291874	-0.92180508	-0.88021591	-0.83757394	-0.81928307	-0.81657691	-0.77325109	-0.72645674	-0.67885105	-0.65087909	-0.63827265	-0.59229484	-0.54153618	-0.4901755	-0.4543571	-0.43334089	-0.38527789	-0.33157181	-0.27743045	-0.22307434	-0.16846957	-0.13363115	-0.1017279	-0.045551511	0.010754442	0.067243314	0.12394127	0.18072866	0.23776514	0.28730643	0.32385608	0.37509386	0.43315113	0.49138473	0.54966989	0.60806613	0.66655766	0.72510418	0.78378304	0.84250331	0.90131798	0.95087591	0.99387698	1.0516937	1.1080944	1.1537656	1.2005487	1.248292	1.2977092	1.3477299	1.3992876	1.451699	1.5050069	1.5104998	1.512024	1.5684318	1.598615	1.5952889	1.5929674	1.5910673	1.5904011	1.5902549	1.590921	1.5925289	1.5945588	1.5978849	1.6016629	1.6063128	1.571708	1.5167489	1.5226626	1.5127649	1.4609784	1.4470486	1.4573471	1.4132451	1.3653252	1.3188834	1.273597	1.2292148	1.1718658	1.1161184	1.0744068	1.024088	0.96557174	0.9234385	0.88190076	0.82416105	0.766507	0.70895213	0.65155269	0.59421793	0.53707711	0.48003262	0.42312411	0.36639967	0.31098287	0.27974896	0.2396838	0.18431113	0.12918433	0.074171673	0.019550907	-0.034934351	-0.089127749	-0.12352602	-0.14650402	-0.19734688	-0.24945537	-0.30111836	-0.35239112	-0.40338747	-0.42087994	-0.44231137	-0.49062639	-0.5384399	-0.5858203	-0.63232602	-0.67120229	-0.67374955	-0.69587586	-0.73856017	-0.7801232	-0.82122893	-0.86099918	-0.87844177	-0.86735458	-0.89107996	-0.92589165	-0.95888483	-0.99105228	-1.0219295	-1.0511977	-1.0797407	-1.1059065	-1.111611	-1.0778543	-1.0793893	-1.0992236	-1.1163299	-1.1325143	-1.146636	-1.1589154	-1.1700158	-1.1782365	-1.1854564	-1.1902786	-1.1933	-1.1949118	-1.1936931	-1.1914548	-1.1866325	-1.1801861	-1.1721928	-1.2113026	-1.2507927	-1.235932	-1.2196605	-1.2017552	-1.1815816	-1.1605011	-1.1369334	-1.1348875	-1.1632252	-1.1489554	-1.1189501	-1.0867483	-1.0537656	-1.0194294	-1.0166263	-1.0284635	-0.98894386	-0.94890617	-0.90775266	-0.86565524	-0.82301326	-0.81835901	-0.80389453	-0.7573619	-0.71020114	-0.66259545	-0.64657445	-0.62562517	-0.57501245	-0.52399839	-0.4726377	-0.42069813	-0.36855415	-0.31589937	-0.27717598	-0.25308054	-0.20442881	-0.14977256	-0.094745707	-0.039549711	0.015862405	0.071540958	0.12560431	0.15811985	0.20020453	0.25724101	0.31444757	0.37172992	0.42922814	0.48679601	0.54449823	0.60232454	0.66021519	0.71827594	0.77638825	0.83461488	0.88210815	0.92273207	0.98032681	1.0354931	1.078978	1.1314503	1.1909562	1.2386611	1.2851197	1.3331976	1.3822516	1.4322352	1.4333413	1.4334963	1.4868042	1.5125822	1.5064837	1.5014357	1.496815	1.4934153	1.4905786	1.4885368	1.4874907	1.4868762	1.4875571	1.488736	1.4907778	1.4907778
3	1.5879998	1.585158	1.5876127	1.5501438	1.5069081	1.4986982	1.4729166	1.4280772	1.3843432	1.3407989	1.2938385	1.2468913	1.1999579	1.1530389	1.1061348	1.0592463	1.0123745	0.96552049	0.91868437	0.87186689	0.82506891	0.77829132	0.7315351	0.68480126	0.63809089	0.59140515	0.54474528	0.49811258	0.45150846	0.40493444	0.35931547	0.32250681	0.27623265	0.23000449	0.1838238	0.13769333	0.10064234	0.058588604	0.012895135	-0.032723891	-0.071472513	-0.10846773	-0.15349904	-0.19842042	-0.24322448	-0.28552439	-0.31417939	-0.3581456	-0.4019252	-0.4455159	-0.48890416	-0.51558269	-0.55253932	-0.59463077	-0.63642048	-0.67788417	-0.71899509	-0.75972377	-0.80003774	-0.83990113	-0.87927432	-0.9181135	-0.95637025	-0.993977	-1.0308445	-1.0669393	-1.102187	-1.1365057	-1.1698051	-1.2019859	-1.2114533	-1.2218866	-1.2488493	-1.2742101	-1.2978388	-1.3196006	-1.3393591	-1.356978	-1.3723251	-1.3851664	-1.3954106	-1.4030372	-1.4079749	-1.4101767	-1.4096218	-1.4063166	-1.4002944	-1.3916138	-1.3803559	-1.3666208	-1.3505238	-1.3321913	-1.3117565	-1.289356	-1.2651264	-1.2390991	-1.2115146	-1.1825056	-1.1521867	-1.1206649	-1.0880393	-1.0544015	-1.0198355	-0.98441846	-0.94822071	-0.91130644	-0.87373408	-0.8355568	-0.79993084	-0.78503051	-0.74456479	-0.70367458	-0.66241567	-0.62081616	-0.57890157	-0.53669513	-0.49421799	-0.45148943	-0.40852705	-0.36534694	-0.32196382	-0.28376948	-0.25347765	-0.20915055	-0.1646844	-0.12008798	-0.075364822	-0.03052396	0.0014329992	0.044217978	0.08965915	0.13517904	0.18077323	0.22643761	0.26635631	0.30528591	0.35136501	0.39749289	0.44366703	0.48988509	0.53537993	0.57188981	0.61840135	0.67392664	0.72156882	0.76801081	0.81448378	0.86098635	0.90751721	0.95407514	1.000659	1.0472676	1.0939	1.1405551	1.1872322	1.2339302	1.2806483	1.3273861	1.3741435	1.4209187	1.4613394	1.5013134	1.5420552	1.5835404	1.5983918	1.6181522	1.6407122	1.6375198	1.6349058	1.6328715	1.6314177	1.6305452	1.6302543	1.6305664	1.6314815	1.5904096	1.5844371	1.5510719	1.507074	1.46377	1.4211843	1.3765444	1.3318437	1.288492	1.2414502	1.1958847	1.1546363	1.1077317	1.0608426	1.0139707	0.96033021	0.91250269	0.86556651	0.81864621	0.77174253	0.72485627	0.67798826	0.63113939	0.58431061	0.53750294	0.49071744	0.44395528	0.3972177	0.35103723	0.31338392	0.26699393	0.22055918	0.17416411	0.12781105	0.089412991	0.047161883	0.0011987514	-0.044700852	-0.09053286	-0.13122427	-0.16754249	-0.21281618	-0.25798779	-0.30137043	-0.33093562	-0.375337	-0.41957716	-0.46365014	-0.49176683	-0.53060588	-0.57354991	-0.61624096	-0.65865847	-0.70077974	-0.73248344	-0.75834568	-0.79867571	-0.83855667	-0.87794913	-0.91680949	-0.95508953	-0.99269628	-1.0002608	-1.0317603	-1.0660009	-1.0992814	-1.1315146	-1.1626056	-1.1924521	-1.2209437	-1.2479629	-1.2733854	-1.2970809	-1.318915	-1.3387511	-1.3564529	-1.3718718	-1.3847291	-1.3950655	-1.4027879	-1.4078242	-1.4101263	-1.4096722	-1.4064673	-1.4005438	-1.391959	-1.3807932	-1.3671459	-1.3511318	-1.3328769	-1.3125144	-1.2901808	-1.2659624	-1.2399855	-1.2124575	-1.1835002	-1.1532286	-1.1217499	-1.0891635	-1.0555614	-1.021028	-0.98564058	-0.94946985	-0.92077965	-0.90493477	-0.86593482	-0.82641176	-0.7864086	-0.74594288	-0.70506736	-0.6638219	-0.62223473	-0.5803315	-0.53813551	-0.49566802	-0.46355793	-0.43067524	-0.38701574	-0.34317297	-0.29915939	-0.25498639	-0.21066441	-0.16721208	-0.13813993	-0.093118476	-0.047947333	-0.0026817336	0.042672731	0.078717454	0.11995407	0.16580674	0.21172036	0.25769158	0.29955541	0.33828014	0.38461026	0.43097984	0.47738686	0.52382945	0.57030667	0.61681736	0.66335843	0.70992844	0.75652605	0.80315001	0.84979912	0.89647228	0.94316842	0.98988655	1.0396654	1.0923113	1.1389657	1.1856419	1.2316288	1.2706082	1.3174575	1.3576112	1.3981994	1.4395631	1.4816768	1.5245152	1.5680541	1.5864513	1.5839099	1.5819559	1.5805904	1.5798139	1.5796269	1.5800294	1.5800294
2	1.8819641	1.8799542	1.8813144	1.8447301	1.7901795	1.7364015	1.6823634	1.6248341	1.5727343	1.5158551	1.4582602	1.4006738	1.343096	1.2855273	1.2283963	1.1779158	1.1211967	1.0637889	1.0063956	0.94901748	0.89384988	0.84441927	0.78724622	0.73009836	0.68081895	0.6278607	0.57098112	0.51413489	0.45879451	0.41415693	0.35815039	0.30171201	0.2542641	0.20544875	0.14946988	0.093561073	0.037726901	-0.0016604235	-0.054175316	-0.10936452	-0.15487805	-0.19725533	-0.25165656	-0.30547703	-0.33791689	-0.38831168	-0.44149916	-0.48129759	-0.51840371	-0.57029811	-0.62191961	-0.67320931	-0.69870533	-0.74095496	-0.79042671	-0.83948313	-0.8800454	-0.89758511	-0.94425954	-0.99029471	-1.0074648	-1.036541	-1.0795392	-1.1217445	-1.1583768	-1.1562227	-1.1923246	-1.2294516	-1.2361714	-1.2454304	-1.2778542	-1.3089306	-1.3385512	-1.3158835	-1.3319745	-1.355614	-1.3775383	-1.3792456	-1.3516192	-1.3673447	-1.3808124	-1.3922872	-1.3622896	-1.3423008	-1.3474323	-1.3505584	-1.3493288	-1.2902509	-1.2800421	-1.2749287	-1.2679073	-1.2366095	-1.182317	-1.1701863	-1.156141	-1.1402727	-1.1227685	-1.103672	-1.0603348	-0.99893964	-0.97608045	-0.95174974	-0.92594508	-0.89887797	-0.87059435	-0.84113979	-0.79636397	-0.72271163	-0.69078529	-0.65772231	-0.623723	-0.58882495	-0.55306471	-0.51647774	-0.47909835	-0.44095974	-0.40196237	-0.36228241	-0.32194857	-0.28098842	-0.23942845	-0.19729411	-0.15460975	-0.11132118	-0.067519366	-0.023243773	0.021485901	0.066650805	0.10455528	0.11811792	0.16512102	0.21249895	0.2602108	0.29014149	0.32028283	0.36944694	0.41624187	0.43691615	0.48530371	0.51510241	0.55556673	0.59581723	0.62259297	0.65098565	0.68103403	0.712839	0.7461351	0.74601927	0.75321205	0.79035685	0.82041176	0.80443244	0.84493464	0.88726269	0.89304666	0.90963074	0.95884602	1.0138954	1.0608787	1.1179975	1.1674862	1.222045	1.2793647	1.3338502	1.3852173	1.4423672	1.4933204	1.5452121	1.5979586	1.6515326	1.7059074	1.7470214	1.7450209	1.7437801	1.7432996	1.7435127	1.7099157	1.6536461	1.5981313	1.5433972	1.4895216	1.4366021	1.3799498	1.3260064	1.2715734	1.2140169	1.1574861	1.1071339	1.0498729	0.99935524	0.95121202	0.93231361	0.9242414	0.87928452	0.83552363	0.79323152	0.79956782	0.77713147	0.73847307	0.70119859	0.66534796	0.63096113	0.59830343	0.54728976	0.5104687	0.48133384	0.44366357	0.39769765	0.37033238	0.31912969	0.29387673	0.25067771	0.21844433	0.18641054	0.13756578	0.092348328	0.077023549	0.03177976	-0.015046434	-0.061482087	-0.091025622	-0.11078624	-0.15526088	-0.19923564	-0.2426209	-0.28546865	-0.32775421	-0.3694518	-0.41053448	-0.45097413	-0.49074143	-0.52966105	-0.5678296	-0.60521279	-0.64177505	-0.67747956	-0.71228822	-0.74616174	-0.77889732	-0.81055933	-0.84113979	-0.87059435	-0.89887797	-0.92594508	-0.95174974	-0.97608045	-0.99893964	-1.0203772	-1.071925	-1.1227685	-1.1402727	-1.156141	-1.1701863	-1.182317	-1.192683	-1.2361184	-1.2749287	-1.2800421	-1.2832303	-1.2843882	-1.3388574	-1.3474323	-1.3423008	-1.3351823	-1.3261008	-1.3235889	-1.3667724	-1.3516192	-1.3340448	-1.3146776	-1.3203067	-1.3319745	-1.3066884	-1.2808263	-1.3017789	-1.2778542	-1.2454304	-1.2117293	-1.1934802	-1.1923246	-1.1541277	-1.1148012	-1.0744933	-1.0619784	-1.036541	-0.99279867	-0.95692926	-0.94425954	-0.89758511	-0.85032029	-0.82641715	-0.79042671	-0.74095496	-0.69870533	-0.67320931	-0.62191961	-0.57029811	-0.53780285	-0.49447906	-0.44149916	-0.38831168	-0.33791689	-0.30547703	-0.25165656	-0.19725533	-0.15487805	-0.10936452	-0.054175316	0.0011157255	0.05634343	0.096010617	0.14946988	0.19580036	0.24532516	0.30171201	0.35569881	0.40055064	0.45732356	0.51413489	0.56351623	0.61587535	0.67297438	0.73009836	0.78663167	0.83511318	0.89165505	0.94901748	1.0063956	1.0607412	1.1128823	1.1704196	1.227968	1.2855273	1.343096	1.4006738	1.45568	1.5092856	1.566359	1.6193821	1.6733496	1.7281021	1.7836143	1.8398614	1.878098	1.878098
4	1.8761247	1.8756602	1.8757717	1.8628658	1.8076203	1.7532409	1.6978713	1.6412766	1.5846841	1.5306387	1.4764047	1.4198819	1.367882	1.3133956	1.258166	1.2077123	1.1583486	1.1098392	1.0622006	1.0159424	0.97073277	0.92279527	0.86734155	0.82353638	0.78168391	0.73844595	0.68373123	0.64142161	0.59645891	0.54227053	0.48819263	0.43419179	0.38026779	0.32643909	0.27273176	0.21911494	0.16559114	0.11220715	0.058949625	0.013330845	-0.018786933	-0.070669938	-0.12281155	-0.17479926	-0.22658353	-0.27813057	-0.3294915	-0.37857581	-0.40338138	-0.44564692	-0.49525672	-0.54457206	-0.59344388	-0.62478393	-0.64763683	-0.69447744	-0.74078996	-0.77196427	-0.78374243	-0.82736103	-0.87038155	-0.90175734	-0.90398181	-0.93975336	-0.95633634	-0.9574204	-0.99323818	-1.0279595	-1.0438266	-1.0294964	-1.0595263	-1.0884483	-1.1040106	-1.0794171	-1.0960574	-1.1184044	-1.1394417	-1.1584975	-1.1758947	-1.1918316	-1.2061858	-1.218156	-1.2285438	-1.2373343	-1.2440315	-1.2485469	-1.2514006	-1.2525873	-1.2512388	-1.2480625	-1.2432279	-1.2365306	-1.2274261	-1.2167315	-1.2044633	-1.1901091	-1.1738844	-1.1562108	-1.137111	-1.1158535	-1.093255	-1.0823683	-1.1069618	-1.0850592	-1.0559227	-1.031216	-1.0455462	-1.0238345	-0.98894004	-0.95312226	-0.95688477	-0.93501348	-0.89526946	-0.85465672	-0.8445264	-0.8221268	-0.77844172	-0.73399219	-0.71212962	-0.68885656	-0.64201596	-0.59460669	-0.5630989	-0.53865422	-0.48933888	-0.43967711	-0.38976152	-0.33960037	-0.28908728	-0.25419622	-0.22036942	-0.16858515	-0.11656613	-0.064395572	-0.012077896	0.040432045	0.093099668	0.14589036	0.19880062	0.25189038	0.30508388	0.35837845	0.41179173	0.46533056	0.51895543	0.5709668	0.60781709	0.65722853	0.70640202	0.74563114	0.78661014	0.83583734	0.88857487	0.93167362	0.97609872	1.0214934	1.0678397	1.1155664	1.169023	1.2231124	1.2723866	1.3281396	1.381418	1.4330285	1.4894693	1.5459163	1.6006148	1.652777	1.7093144	1.7637426	1.8172542	1.8715336	1.8768212	1.8758925	1.8755395	1.8760039	1.8352431	1.7803602	1.7261217	1.6695738	1.6150642	1.5611949	1.504667	1.4520249	1.398039	1.3416073	1.2851838	1.2329391	1.1806182	1.1243295	1.0749219	1.0267549	0.97948823	0.9334554	0.88868734	0.84493251	0.80220987	0.76115796	0.71108859	0.66082698	0.62201624	0.56936359	0.52444718	0.48568309	0.43212381	0.37867549	0.32532157	0.27206449	0.21897473	0.16599626	0.11313229	0.06041487	0.0078758815	-0.044526749	-0.094450275	-0.12310815	-0.16797015	-0.21902755	-0.26987878	-0.3204054	-0.37070586	-0.42077273	-0.4705211	-0.4961217	-0.52860994	-0.57657738	-0.62402294	-0.67105713	-0.70750029	-0.71968274	-0.7615509	-0.80555173	-0.84288322	-0.84720737	-0.87983662	-0.90331447	-0.90187755	-0.93903075	-0.97532929	-0.99880403	-0.98714858	-1.0136462	-1.0200594	-1.0067162	-1.0339308	-1.0597572	-1.084381	-1.1077337	-1.0769851	-1.0752131	-1.0930049	-1.1090584	-1.1231696	-1.1358125	-1.14697	-1.1558714	-1.1630197	-1.1686028	-1.1724567	-1.173898	-1.1737435	-1.1719943	-1.1681404	-1.1622521	-1.1548032	-1.1458037	-1.1344501	-1.1215206	-1.107132	-1.0910784	-1.0730193	-1.0808074	-1.1049314	-1.0815787	-1.0567166	-1.030665	-1.0034504	-1.0223243	-1.0098422	-0.97776786	-0.94450921	-0.94767583	-0.93457237	-0.89729566	-0.8589074	-0.84815868	-0.83400194	-0.79236446	-0.74982161	-0.72719672	-0.71161491	-0.66640282	-0.62061631	-0.57442026	-0.5296496	-0.51286173	-0.47450215	-0.42585028	-0.37686969	-0.32749089	-0.27786171	-0.22798965	-0.17780735	-0.12735835	-0.086343493	-0.059093284	-0.0073727813	0.044506822	0.096535994	0.14873615	0.20112556	0.25364101	0.30627914	0.35908191	0.41201408	0.46505061	0.51819186	0.55336088	0.59957616	0.64976986	0.68709249	0.73875637	0.78635936	0.82613045	0.86753404	0.91012424	0.95374059	0.99845685	1.0446225	1.0963201	1.1508401	1.1987485	1.2532679	1.3094478	1.3653729	1.4149299	1.4689643	1.5253086	1.5816612	1.6332088	1.6848155	1.7371217	1.7903635	1.8443939	1.8443939
3	1.6320326	1.6285105	1.6300759	1.6120722	1.5673191	1.5233543	1.4802674	1.4379202	1.3963324	1.3550262	1.3063209	1.2576355	1.2089691	1.1603225	1.1116979	1.0631015	1.0145278	0.96597753	0.91745153	0.86895685	0.82049325	0.77205783	0.72365165	0.67527577	0.62694446	0.57127283	0.51724005	0.4687922	0.4203812	0.37201221	0.32367936	0.27538422	0.22777839	0.19127673	0.14594978	0.098142085	0.050394683	0.0027156146	-0.04487388	-0.082665699	-0.12103417	-0.16798704	-0.21481349	-0.26151118	-0.29826012	-0.3317877	-0.37757962	-0.42314107	-0.4685205	-0.50418806	-0.53120776	-0.57524957	-0.61895915	-0.66237587	-0.69686399	-0.71517444	-0.75659972	-0.79755578	-0.83804449	-0.87803593	-0.91745351	-0.92580367	-0.95236177	-0.98852719	-1.0239181	-1.0582724	-1.0915528	-1.1238277	-1.1550338	-1.1851058	-1.2134487	-1.2404198	-1.2659396	-1.2824186	-1.2594678	-1.2734511	-1.2905016	-1.305671	-1.3188934	-1.3294532	-1.3377329	-1.3438531	-1.3477834	-1.3493268	-1.3479549	-1.3443656	-1.3385805	-1.3306265	-1.3200667	-1.3071576	-1.2922866	-1.2755178	-1.2569177	-1.2359421	-1.2133698	-1.189274	-1.1637274	-1.1366103	-1.1079557	-1.0781417	-1.0472304	-1.0152824	-0.9820898	-0.97471366	-0.95642575	-0.91963762	-0.88210644	-0.84375786	-0.80483799	-0.77630162	-0.76120252	-0.71977725	-0.67789618	-0.63564794	-0.59957743	-0.58014311	-0.53610129	-0.4918136	-0.45624905	-0.42820346	-0.382642	-0.33687569	-0.2909547	-0.2504595	-0.22001643	-0.17318998	-0.12625291	-0.086320768	-0.050161016	-0.0025767906	0.045097008	0.084841868	0.12542654	0.17357189	0.22177277	0.27002211	0.31831122	0.36397562	0.40275316	0.45137408	0.50002055	0.54869159	0.59885248	0.65637047	0.70593659	0.75452974	0.80314707	0.85178769	0.90045716	0.94914907	0.99786101	1.0465923	1.0953437	1.1441181	1.1929093	1.2417167	1.2897434	1.3314169	1.3791796	1.424762	1.4679056	1.5117764	1.556611	1.6021116	1.6263134	1.6319369	1.6793886	1.6836314	1.682945	1.6828163	1.6832453	1.6844037	1.6861618	1.663807	1.6283148	1.6318369	1.5896168	1.5453367	1.501756	1.4588934	1.4169471	1.3692381	1.3249026	1.284506	1.2449364	1.1964434	1.1479748	1.0995316	1.0511145	1.0027288	0.95437858	0.90605852	0.85776971	0.80951326	0.76130143	0.71312858	0.65949304	0.60278934	0.55450544	0.50626923	0.45807171	0.4099145	0.36179924	0.31373861	0.26573282	0.22491678	0.18638238	0.13884836	0.091411024	0.044048842	-0.0032345583	-0.050435415	-0.09753526	-0.1300591	-0.17033932	-0.21665538	-0.26284168	-0.30884481	-0.35468366	-0.39028507	-0.41998086	-0.46467385	-0.50907337	-0.55322866	-0.5877009	-0.60969464	-0.65216368	-0.69421871	-0.73588708	-0.76908542	-0.78089375	-0.82007523	-0.8586899	-0.8967019	-0.93407386	-0.97064968	-1.0062874	-1.0410953	-1.07502	-1.1080065	-1.1396488	-1.1700698	-1.1785089	-1.1738541	-1.1990866	-1.2223867	-1.2440993	-1.2641511	-1.2824694	-1.2985339	-1.3123605	-1.3241733	-1.3339187	-1.341547	-1.3461592	-1.3485551	-1.3487266	-1.3466717	-1.3420595	-1.3347663	-1.3253466	-1.3138471	-1.3003188	-1.2842543	-1.2662177	-1.2464299	-1.224963	-1.2017765	-1.1766577	-1.1770429	-1.1734112	-1.1431646	-1.1115223	-1.0786939	-1.0449124	-1.0102342	-0.97471366	-0.93813784	-0.90087203	-0.87628402	-0.8625839	-0.82242849	-0.78168056	-0.74048989	-0.69888229	-0.65822878	-0.63999346	-0.60197713	-0.5581222	-0.51400473	-0.46962248	-0.44397784	-0.40542273	-0.35977165	-0.31395626	-0.26795314	-0.23571983	-0.1966032	-0.14973725	-0.10276858	-0.055668731	-0.0084813426	0.032791693	0.068951186	0.11671811	0.16455751	0.21245229	0.26040006	0.30839854	0.35645917	0.39627324	0.4392077	0.48762853	0.53608375	0.58457812	0.63962999	0.69408861	0.74246915	0.79088699	0.83933779	0.88781589	0.93632036	0.98485028	1.0334135	1.0819995	1.1306075	1.1792368	1.2278897	1.2693425	1.3149607	1.3614593	1.4033301	1.4461939	1.489841	1.5341937	1.5792332	1.6249901	1.6249423	1.6227215	1.621066	1.6199765	1.6195842	1.6198457	1.6206738	1.6206738
4	1.8418895	1.8404888	1.840778	1.8308132	1.7771689	1.724371	1.6704032	1.6145625	1.5631431	1.5089963	1.4531756	1.3973614	1.3463324	1.2938806	1.2384244	1.1898382	1.1421306	1.0952737	1.0495223	1.0050551	0.96154118	0.91833563	0.86379253	0.81833642	0.77428755	0.72017222	0.67955773	0.6341515	0.58056173	0.52707625	0.47367032	0.42033848	0.36709947	0.31397974	0.27012426	0.23487313	0.1825425	0.13034236	0.078261439	0.026326735	-0.025411024	-0.077006743	-0.12845663	-0.17967361	-0.23069495	-0.2815406	-0.33217528	-0.3825114	-0.41910801	-0.44541269	-0.49418778	-0.54262848	-0.59077403	-0.63857319	-0.65694817	-0.68852989	-0.73411207	-0.77907334	-0.79732811	-0.8171783	-0.85942281	-0.9007486	-0.91962756	-0.92514695	-0.96301606	-0.99991093	-1.0202409	-1.0107071	-1.0412958	-1.0728278	-1.1033391	-1.1323558	-1.1599093	-1.1675126	-1.1416853	-1.1622501	-1.1828788	-1.2021344	-1.2194538	-1.2348496	-1.2487235	-1.2610234	-1.2707143	-1.2787719	-1.2851855	-1.2893761	-1.2913413	-1.2916191	-1.2902075	-1.2860169	-1.2801506	-1.2726304	-1.2629716	-1.2511636	-1.2377971	-1.2228896	-1.2055702	-1.2191109	-1.2388048	-1.2159219	-1.191232	-1.1652863	-1.1381122	-1.1090954	-1.078938	-1.0585908	-1.0708217	-1.0429561	-1.0071654	-0.97264426	-0.97497356	-0.94941019	-0.90893505	-0.86766866	-0.85631395	-0.83222741	-0.78799279	-0.74303152	-0.71863955	-0.69523042	-0.647988	-0.60025646	-0.55221193	-0.50611816	-0.48385842	-0.44254259	-0.39249102	-0.34218556	-0.29158554	-0.24079999	-0.19203894	-0.16260617	-0.11724829	-0.065143828	-0.012892297	0.039538248	0.09207993	0.14472993	0.19752911	0.25044152	0.30344522	0.35654782	0.4097769	0.46308347	0.51646577	0.56995125	0.61199127	0.65541139	0.70944161	0.76355212	0.81028173	0.85114177	0.89346524	0.93702477	0.98154676	1.0270753	1.0740318	1.1258325	1.1801996	1.2287859	1.2828335	1.3364093	1.3864297	1.4421031	1.4979221	1.5529425	1.6043619	1.6593111	1.7139363	1.7665354	1.8201712	1.8744082	1.9292367	1.9848259	1.9512923	1.8960873	1.8414552	1.7878109	1.7348056	1.6824418	1.6309394	1.5758974	1.5224185	1.47204	1.416328	1.3606239	1.3065318	1.2577974	1.2033888	1.151495	1.1043499	1.0585985	1.0138288	0.96999747	0.92737086	0.87461282	0.8263911	0.78589109	0.74709171	0.69845812	0.64929737	0.61285076	0.56196904	0.50892482	0.45596279	0.40313465	0.36391995	0.32582232	0.27378304	0.22191874	0.17018106	0.1185731	0.067173319	0.015943753	-0.035131864	-0.086020858	-0.13665291	-0.18710093	-0.23735989	-0.28731962	-0.33702246	-0.37779863	-0.39909995	-0.44481131	-0.49252935	-0.53993756	-0.58686337	-0.60968132	-0.63352571	-0.67824251	-0.72225701	-0.76578041	-0.80357148	-0.80784826	-0.83871639	-0.87850515	-0.91757144	-0.91534526	-0.9328194	-0.96102124	-0.94949348	-0.97043014	-1.0011879	-1.0308888	-1.0113011	-1.016213	-1.0409401	-1.0640371	-1.0855315	-1.0856702	-1.0512234	-1.0660824	-1.0806267	-1.0937776	-1.1050069	-1.1143214	-1.1221525	-1.1284794	-1.1323012	-1.1345919	-1.1353496	-1.1340764	-1.130758	-1.1259179	-1.119561	-1.1107571	-1.1004606	-1.0887151	-1.0751244	-1.0596541	-1.0651695	-1.0980442	-1.0770195	-1.0546861	-1.0311279	-1.0060668	-1.0199859	-1.0188641	-0.98908965	-0.9577366	-0.95416059	-0.95390254	-0.91847713	-0.88192344	-0.86299479	-0.86262194	-0.82245411	-0.78161333	-0.74976955	-0.74353335	-0.70445839	-0.66013854	-0.61536844	-0.5699588	-0.54511306	-0.52078364	-0.47330874	-0.42538639	-0.37717931	-0.32869543	-0.27982332	-0.24858994	-0.21703308	-0.16673892	-0.11616582	-0.065418027	-0.014500074	0.036653839	0.087982948	0.1394549	0.19108321	0.24290701	0.29485157	0.34691408	0.39913841	0.43756961	0.47739864	0.53037119	0.5674307	0.6128863	0.66432783	0.7027134	0.75281669	0.80222704	0.84282924	0.88506908	0.92830299	0.97251478	1.0180433	1.0647046	1.1148188	1.1703366	1.2191473	1.2717865	1.3264862	1.3765066	1.4310307	1.486848	1.5426706	1.5941613	1.6462371	1.6989772	1.7525795	1.8069864	1.8069864
1	1.458712	1.4548735	1.4540701	1.4579086	1.4211003	1.3835237	1.3896584	1.3660836	1.321118	1.2775904	1.2309497	1.1789982	1.1349307	1.0916308	1.0399916	0.98838253	0.93679731	0.88526724	0.83376151	0.7822962	0.73088054	0.67949197	0.62816521	0.5768799	0.52563064	0.47445925	0.42794754	0.39107588	0.3443224	0.29375869	0.24330883	0.19293069	0.14262102	0.10826355	0.076364417	0.046362705	0.0033525714	-0.043206866	-0.069411436	-0.094083674	-0.11715061	-0.16072098	-0.19924981	-0.21778532	-0.23393348	-0.25088395	-0.2938986	-0.32143433	-0.33116932	-0.367487	-0.39875241	-0.40278013	-0.42881771	-0.46659803	-0.50338922	-0.53968224	-0.57534597	-0.60998412	-0.63432581	-0.62534725	-0.64120056	-0.67173272	-0.70073906	-0.72904238	-0.75636928	-0.78223029	-0.80735328	-0.830954	-0.85331489	-0.87486511	-0.89424079	-0.91270926	-0.92979022	-0.94496708	-0.95917265	-0.97133393	-0.98198253	-0.99154201	-0.99848791	-1.0043555	-1.0085083	-1.0105394	-1.0114755	-1.0100874	-1.0071562	-1.0030034	-0.99624671	-0.98842962	-0.97887014	-0.96737444	-0.95486271	-0.94018988	-0.92422898	-0.90714802	-0.93299875	-0.94526801	-0.9227345	-0.89868826	-0.87382865	-0.84723778	-0.81971461	-0.79130152	-0.76135592	-0.73078063	-0.69911493	-0.66644256	-0.63321024	-0.59877151	-0.58222301	-0.58441666	-0.55121637	-0.51307831	-0.47421514	-0.45738274	-0.44871533	-0.40710737	-0.37929617	-0.36735123	-0.35211458	-0.32877849	-0.28343322	-0.25410313	-0.23319421	-0.20903809	-0.1743096	-0.12622654	-0.094683836	-0.061493011	-0.012249973	0.02617974	0.058263667	0.092956192	0.13437176	0.18512489	0.22525719	0.2658159	0.31715647	0.36854502	0.41996494	0.4714579	0.51883212	0.55990707	0.60953195	0.66142839	0.71336134	0.76531849	0.81729305	0.86930536	0.92133195	0.97338112	1.025456	1.0762881	1.1206886	1.1659303	1.211838	1.2591016	1.3068991	1.3555697	1.4051806	1.4479173	1.4462686	1.4452078	1.444658	1.4942225	1.5307104	1.5323254	1.534715	1.537529	1.5412895	1.5455957	1.5504227	1.5562116	1.5624176	1.5693584	1.540693	1.5015562	1.5107597	1.4952477	1.4538432	1.4138048	1.3743985	1.3361608	1.2990682	1.2626523	1.2278883	1.1939868	1.1610772	1.1137709	1.0641664	1.0146682	0.96526921	0.91593098	0.86674804	0.8176421	0.76863343	0.71978108	0.67100571	0.62238408	0.57389758	0.52549655	0.47732168	0.42925126	0.38132589	0.31541798	0.25001427	0.20204307	0.1542444	0.10655854	0.05918271	0.011940309	-0.03509803	-0.10107601	-0.16760848	-0.21463305	-0.26142559	-0.30805107	-0.35424765	-0.40025385	-0.445956	-0.49124745	-0.53631796	-0.58089222	-0.64128883	-0.71421147	-0.75982444	-0.80384299	-0.84737204	-0.89027244	-0.93282398	-0.97455686	-1.0336323	-1.1077881	-1.151021	-1.1915129	-1.2311311	-1.2696803	-1.307618	-1.3440541	-1.3794942	-1.4139835	-1.4464526	-1.4779464	-1.5076675	-1.535377	-1.5663452	-1.6375844	-1.6846019	-1.7062441	-1.7241551	-1.7402825	-1.7530705	-1.7625085	-1.7699673	-1.7725999	-1.7727836	-1.7701509	-1.7630541	-1.7539627	-1.7411747	-1.7253705	-1.707754	-1.6861118	-1.6628007	-1.6373816	-1.6091745	-1.569988	-1.4963581	-1.4487034	-1.4163898	-1.3819004	-1.3465962	-1.3101601	-1.2723409	-1.2338952	-1.194277	-1.1538754	-1.1129618	-1.0709146	-1.0284745	-0.98543331	-0.91832051	-0.85040895	-0.8068799	-0.7629138	-0.71863301	-0.67369718	-0.62852257	-0.58297135	-0.53700737	-0.48673699	-0.41496264	-0.35746996	-0.31128359	-0.26467853	-0.21791383	-0.17088927	-0.1235942	-0.076159844	-0.028440008	0.019442147	0.067465448	0.11574748	0.16413207	0.21268892	0.2614152	0.31023225	0.35924075	0.40835161	0.45756017	0.52416389	0.58672155	0.63582499	0.68505374	0.73435235	0.7838026	0.83332897	0.88293507	0.93266975	0.97785258	1.0112328	1.0560716	1.1054217	1.1411638	1.1777407	1.2152775	1.2542872	1.2939527	1.3348313	1.3767198	1.4192177	1.4631208	1.4844952	1.4774123	1.4712288	1.4654719	1.4605452	1.4563018	1.4524887	1.4497434	1.4474572	1.4458086	1.4450543	1.4447347	1.4452845	1.4452845
2	1.7665566	1.7654705	1.7456006	1.7000227	1.6545908	1.6077538	1.5610751	1.5130709	1.468098	1.4199054	1.3717188	1.3235395	1.2776164	1.2313437	1.1832424	1.1351508	1.0870683	1.0389956	0.9925106	0.94781702	0.89985101	0.85190026	0.80396443	0.7560434	0.70869756	0.66612296	0.61834957	0.57059699	0.52287017	0.47516672	0.4274875	0.38683477	0.33933874	0.29187541	0.24444763	0.19706191	0.14971484	0.1024085	0.057181416	0.016659725	-0.030320466	-0.077237365	-0.1240847	-0.16363535	-0.20725974	-0.25364471	-0.2999381	-0.346134	-0.38988803	-0.42590765	-0.47144015	-0.51682184	-0.55675838	-0.59278187	-0.63725685	-0.68148224	-0.72546928	-0.76920442	-0.79549885	-0.83810496	-0.88036004	-0.92153356	-0.94354756	-0.98384841	-1.0236201	-1.0577001	-1.0777415	-1.1147435	-1.1508961	-1.1753707	-1.1930972	-1.2254301	-1.2563791	-1.2860363	-1.2869883	-1.3090462	-1.3330562	-1.3553136	-1.3756281	-1.3936468	-1.386176	-1.3870057	-1.3975409	-1.4056591	-1.411377	-1.4144496	-1.4147948	-1.4126655	-1.3709506	-1.3637863	-1.35435	-1.3427025	-1.3286571	-1.3124517	-1.2943031	-1.2404325	-1.2190557	-1.196074	-1.1715763	-1.1454231	-1.1179299	-1.0892014	-1.0547081	-0.99953744	-0.96807643	-0.93565365	-0.90222449	-0.86798946	-0.83299992	-0.79721024	-0.76074195	-0.72366646	-0.68598429	-0.64771504	-0.6089552	-0.56973482	-0.53000642	-0.48987921	-0.44937684	-0.40848332	-0.3672385	-0.32568578	-0.28383064	-0.24166543	-0.19924552	-0.15658471	-0.11366174	-0.079541781	-0.043440699	0.00041522706	0.04445761	0.08866037	0.13301788	0.17754346	0.22220481	0.26699547	0.3091132	0.34359304	0.38897921	0.43447002	0.48006632	0.52575172	0.57152233	0.60567868	0.65180382	0.69799777	0.74250334	0.77999697	0.81897913	0.86277929	0.89765613	0.93354773	0.97042362	1.00839	1.0473082	1.0566039	1.0908308	1.1169038	1.1376148	1.1845036	1.2289492	1.275188	1.3221218	1.3698526	1.4158579	1.4641729	1.5124908	1.5608119	1.6075891	1.6533035	1.6997326	1.7259667	1.7569945	1.7567717	1.7252941	1.6986036	1.6517051	1.6055094	1.55994	1.5150175	1.4676353	1.4218502	1.3736167	1.3253885	1.2771661	1.231564	1.1845363	1.141982	1.1002664	1.0593796	1.0194466	0.98047399	0.94242516	0.90536784	0.86944632	0.83454976	0.79111707	0.75471351	0.71413707	0.67287577	0.62671753	0.58570487	0.54663134	0.50089886	0.4593253	0.42279055	0.37756899	0.33246892	0.28748945	0.24262958	0.19919754	0.16829934	0.12413604	0.080128991	0.036315476	-0.0073197411	-0.050770087	-0.094005394	-0.13701466	-0.17980355	-0.22235295	-0.26461465	-0.29443616	-0.32885822	-0.36981794	-0.41042975	-0.45068734	-0.49054087	-0.52994456	-0.56891698	-0.60743114	-0.64536192	-0.6827643	-0.71960428	-0.75577209	-0.7912463	-0.82602746	-0.86003553	-0.89313424	-0.92537777	-0.95671044	-0.98690972	-1.0325913	-1.0747044	-1.1020856	-1.128061	-1.1526702	-1.1758068	-1.1971385	-1.2168317	-1.2348045	-1.2507301	-1.2646565	-1.3057794	-1.3231653	-1.3308806	-1.3363731	-1.3396081	-1.3775374	-1.3757133	-1.3715258	-1.3708163	-1.3920164	-1.3801241	-1.3659465	-1.361299	-1.3647718	-1.3435406	-1.3202336	-1.3116799	-1.2991407	-1.2701378	-1.2513519	-1.2355191	-1.201878	-1.1746234	-1.1558358	-1.1185148	-1.0803733	-1.0519264	-1.0230356	-0.98236531	-0.9411525	-0.91174397	-0.87533772	-0.83235409	-0.78905395	-0.74546824	-0.71685099	-0.67230533	-0.62755613	-0.58307063	-0.55050984	-0.50487861	-0.45911216	-0.41320343	-0.37285142	-0.33194196	-0.28544659	-0.23885713	-0.19218933	-0.14544784	-0.10779771	-0.060719491	-0.013587799	0.033599595	0.077160002	0.12037773	0.1678519	0.21536559	0.25850427	0.30382046	0.35155005	0.39930405	0.44708051	0.4891496	0.53706752	0.58500168	0.63295152	0.68091866	0.72889978	0.77260067	0.82022271	0.8683151	0.91641715	0.96047526	1.0086557	1.056843	1.105037	1.1532383	1.2014457	1.2496589	1.2945867	1.3428553	1.3890162	1.4366101	1.4849266	1.5317515	1.5773978	1.6252784	1.6718006	1.7189175	1.7624241	1.7623421	1.7628058
3	1.4052126	1.3970756	1.3901205	1.3982575	1.3967274	1.3383096	1.2952281	1.3072002	1.3000515	1.2462038	1.2176835	1.2335834	1.2212242	1.1722731	1.1144197	1.0479574	0.9937745	0.948447	0.88990458	0.82435938	0.77644884	0.7351852	0.67544412	0.61105137	0.57078504	0.53407582	0.47258544	0.40963539	0.3470765	0.28455649	0.22243255	0.16571203	0.13694026	0.10082271	0.040743921	-0.019140413	-0.078586338	-0.13776808	-0.1965186	-0.25492267	-0.31290759	-0.34912219	-0.36565087	-0.40508322	-0.45992739	-0.5140351	-0.56778072	-0.62062622	-0.67316039	-0.6853374	-0.68839259	-0.73149671	-0.77963843	-0.82616543	-0.87074314	-0.86101086	-0.85666199	-0.89764704	-0.93823515	-0.97699982	-1.0000557	-0.97633419	-0.97076212	-1.0030535	-1.0342538	-1.0637943	-1.0919584	-1.1185658	-1.143487	-1.1669828	-1.1884621	-1.2086767	-1.1800543	-1.1291971	-1.1265016	-1.1390337	-1.1486459	-1.1576701	-1.1634543	-1.1688986	-1.1707993	-1.1724361	-1.1706163	-1.1683511	-1.1629069	-1.1567627	-1.1477384	-1.1377735	-1.1252414	-1.1115469	-1.095604	-1.0782998	-1.0590643	-1.0697494	-1.1120747	-1.1158902	-1.0892828	-1.0608238	-1.0312832	-0.99980631	-0.96751495	-0.93322923	-0.89836961	-0.90993882	-0.92975527	-0.89352564	-0.85254058	-0.80952568	-0.7663738	-0.72147418	-0.68327216	-0.68632735	-0.67818908	-0.62851715	-0.57844823	-0.52738293	-0.49150155	-0.48290379	-0.45441233	-0.39956816	-0.34422254	-0.28838103	-0.23201782	-0.17526966	-0.14189888	-0.12122444	-0.072608536	-0.013162611	0.046785363	0.10686415	0.16744262	0.22809845	0.28924904	0.35010167	0.38171745	0.41595957	0.47891629	0.54193004	0.60525138	0.66864942	0.7323056	0.78845986	0.82724854	0.87581599	0.94073004	0.99583884	1.0388137	1.0937138	1.1596417	1.2141972	1.2609208	1.3095107	1.3590418	1.4105287	1.4627119	1.4617707	1.4483727	1.4968549	1.5535618	1.612448	1.6695724	1.661837	1.6542729	1.6482416	1.6425073	1.6381911	1.6342985	1.6317056	1.629663	1.6287981	1.6286097	1.6294746	1.6311407	1.6337336	1.6372507	1.6415669	1.6050043	1.5421893	1.480822	1.4201311	1.4126878	1.4225992	1.3777188	1.3213616	1.2672616	1.2134139	1.1621631	1.1111138	1.0627765	1.012331	0.94602428	0.88384706	0.83928112	0.78926344	0.72393451	0.66698597	0.6266585	0.57663727	0.51254015	0.44859803	0.38482351	0.32124411	0.25782238	0.21340081	0.1803454	0.12732351	0.065676095	0.0044320268	-0.056692206	-0.11733083	-0.1778794	-0.23784637	-0.29776015	-0.31998394	-0.34395375	-0.40109424	-0.45810963	-0.51431706	-0.570311	-0.62548565	-0.66779869	-0.67692876	-0.70086449	-0.75206139	-0.80263112	-0.85235084	-0.90125892	-0.94934626	-0.96619741	-0.9594683	-0.98442697	-1.0270206	-1.06803	-1.1084081	-1.1468792	-1.1848364	-1.1682636	-1.1428386	-1.169998	-1.2009191	-1.2288419	-1.2565131	-1.2812183	-1.295373	-1.2501321	-1.2187499	-1.2355273	-1.2512464	-1.2644496	-1.2762932	-1.2858092	-1.2936606	-1.2994051	-1.3031842	-1.3051049	-1.3047723	-1.3028516	-1.2984102	-1.2926658	-1.2841612	-1.2746452	-1.262163	-1.2489598	-1.2326217	-1.2158444	-1.1958026	-1.1755147	-1.152019	-1.1282277	-1.1016203	-1.0848342	-1.1168268	-1.133027	-1.099279	-1.0647154	-1.0283603	-0.99107638	-0.95231171	-0.91252988	-0.87154483	-0.82947643	-0.78645012	-0.77318331	-0.7794806	-0.74897834	-0.70083662	-0.65154939	-0.60187746	-0.55106125	-0.49999595	-0.44779616	-0.39546165	-0.34200915	-0.29008343	-0.27662579	-0.25833122	-0.20158305	-0.14468271	-0.087109121	-0.029342114	0.028984112	0.087536896	0.14655048	0.19226136	0.21820295	0.26087928	0.32206226	0.3835094	0.44517488	0.50711471	0.56922261	0.61194257	0.64606303	0.70278905	0.76644523	0.80926273	0.84805141	0.88989604	0.93204063	0.97731479	1.0228104	1.0711478	1.1198499	1.171026	1.2227395	1.2765872	1.3124171	1.300445	1.3128538	1.3712716	1.4018033	1.3936663	1.3864097	1.3800635	1.3747352	1.3701929	1.3668053	1.3640761	1.3626374	1.3617271	1.3622407	1.3631511	1.3656161	1.3683452	1.3683452
2	1.7371203	1.7367873	1.7370984	1.6882894	1.6846435	1.6407036	1.5878725	1.5371822	1.4847247	1.4344625	1.382503	1.3293929	1.2762877	1.2231876	1.1729507	1.1222049	1.0691951	1.0161934	0.96320011	0.91274112	0.86368327	0.81081575	0.76022927	0.71275024	0.66004497	0.6073586	0.55623958	0.51111721	0.45864602	0.40620295	0.35425454	0.31210622	0.25994885	0.20783354	0.16706269	0.11628575	0.064548594	0.012872304	-0.027359906	-0.075623906	-0.12679771	-0.17788271	-0.21774208	-0.26268682	-0.31310143	-0.36338663	-0.40306837	-0.44367991	-0.49306651	-0.54226461	-0.59126082	-0.63129101	-0.66498477	-0.71269864	-0.76011752	-0.80051281	-0.82660384	-0.87228629	-0.91290689	-0.93149643	-0.97497774	-1.0159849	-1.0256532	-1.066366	-1.1063021	-1.1454193	-1.1483446	-1.1806275	-1.2158697	-1.2499836	-1.248766	-1.2693072	-1.2985184	-1.2939271	-1.3037371	-1.3273302	-1.3197122	-1.3177136	-1.3351489	-1.3506587	-1.3399858	-1.3216173	-1.3305877	-1.3374842	-1.3245787	-1.2899223	-1.2904199	-1.2888581	-1.2852437	-1.2707656	-1.2175965	-1.2083124	-1.1971549	-1.1823331	-1.1166993	-1.1006993	-1.0830649	-1.0638549	-1.0431253	-1.0209334	-0.99733738	-0.9723958	-0.91058795	-0.87167422	-0.84378169	-0.81477717	-0.78471193	-0.75363584	-0.72159722	-0.68864272	-0.65481724	-0.62016386	-0.58472381	-0.5485365	-0.5116395	-0.47406855	-0.43585765	-0.39703905	-0.35764337	-0.31769959	-0.27723515	-0.23627604	-0.1948468	-0.15297066	-0.11066956	-0.06796424	-0.024867492	0.018600101	0.062415217	0.079818036	0.12129545	0.16652776	0.21203537	0.25780547	0.28415774	0.32335093	0.37024776	0.41735201	0.44988465	0.48774617	0.53578193	0.58398131	0.62175505	0.65859268	0.69898781	0.72829623	0.76551121	0.80961134	0.84201338	0.87572151	0.9106989	0.9469088	0.98431462	1.0228801	1.0577293	1.0494717	1.0911217	1.1338158	1.1775396	1.2222306	1.267856	1.3199766	1.3675447	1.4194541	1.4724379	1.5214338	1.5697971	1.6189389	1.6688328	1.7194532	1.7707752	1.792622	1.7919859	1.7653429	1.7375869	1.7157564	1.6644597	1.6138743	1.5640257	1.5135487	1.4616838	1.4121418	1.3590932	1.3070064	1.2588088	1.2065423	1.1601863	1.1168096	1.1246319	1.0810505	1.0384953	1.0459882	1.0102287	0.97072262	0.93236046	0.89517912	0.85921586	0.82450823	0.79109393	0.75901073	0.71570151	0.67813369	0.64920867	0.60975773	0.56106362	0.52339696	0.48774617	0.43988159	0.40155008	0.37024776	0.32335093	0.27667141	0.23693931	0.21203537	0.16652776	0.12129545	0.076352013	0.031711838	-0.012609831	-0.05659683	-0.10022628	-0.14347784	-0.18633867	-0.22878816	-0.27080447	-0.31236444	-0.3534435	-0.39401561	-0.43405317	-0.47352695	-0.51240601	-0.55065763	-0.58824723	-0.62513832	-0.66129243	-0.69666907	-0.75135753	-0.8076182	-0.84116548	-0.87375753	-0.90534148	-0.9358623	-0.96526294	-0.99348453	-1.0204666	-1.0553866	-1.1196227	-1.1432506	-1.1653612	-1.1858866	-1.2047601	-1.2219116	-1.2372273	-1.3006031	-1.3161725	-1.3262033	-1.3341788	-1.3400624	-1.386388	-1.4004854	-1.3999445	-1.3971687	-1.3921726	-1.3849821	-1.375634	-1.3934652	-1.4035193	-1.3873691	-1.3692324	-1.3703118	-1.3768839	-1.3524013	-1.3262476	-1.3119568	-1.314488	-1.2828858	-1.2499836	-1.222669	-1.2209322	-1.1836527	-1.1454193	-1.1063021	-1.066666	-1.0593503	-1.0178848	-0.97497774	-0.93149643	-0.88748279	-0.86681968	-0.82660384	-0.78052288	-0.73407184	-0.70467803	-0.66498477	-0.61699644	-0.56875245	-0.52027	-0.4828457	-0.44367991	-0.39411708	-0.34438927	-0.29450684	-0.2511436	-0.21215078	-0.16150064	-0.11074317	-0.059884639	-0.012146155	0.026969879	0.078380669	0.12986181	0.1814095	0.23234896	0.27183024	0.32378037	0.37577776	0.42781904	0.47990203	0.52265341	0.57344896	0.62581557	0.67821131	0.73063482	0.77663783	0.82646422	0.87909845	0.93175195	0.98442391	1.0371135	1.0859348	1.1349787	1.1878205	1.2406745	1.2935402	1.346417	1.3993047	1.4522027	1.5035502	1.5507368	1.5987325	1.6475104	1.6970443	1.7420473	1.7397619	1.7397619
4	1.8607624	1.8588809	1.8601246	1.8267185	1.7739236	1.7197921	1.6656627	1.6115356	1.5609829	1.5075828	1.4535191	1.3994594	1.3468423	1.2968772	1.242906	1.1944927	1.1471372	1.100711	1.0552462	1.0107754	0.9673321	0.9250184	0.87256684	0.8291392	0.78111632	0.73445883	0.69184233	0.63952922	0.58728067	0.53510292	0.48299157	0.43094974	0.3789807	0.32708791	0.27527505	0.22355515	0.1719341	0.12040793	0.068981596	0.017660363	-0.033550165	-0.08464402	-0.13559856	-0.1864093	-0.22231611	-0.26363267	-0.3134898	-0.36315964	-0.412631	-0.46185913	-0.4894745	-0.53077171	-0.57859275	-0.61584623	-0.64096123	-0.68706202	-0.73269645	-0.75100438	-0.78564456	-0.82899481	-0.8593656	-0.87299535	-0.91296468	-0.91488043	-0.94724675	-0.98439346	-0.99942096	-1.0067873	-1.0325249	-1.0202553	-1.0500892	-1.0786938	-1.1060078	-1.1319691	-1.1565145	-1.1719018	-1.1430525	-1.1610367	-1.1782128	-1.1936896	-1.2074187	-1.2193552	-1.2294581	-1.2376131	-1.2435486	-1.2475502	-1.2496044	-1.2497042	-1.2478491	-1.244045	-1.2381874	-1.2301492	-1.2202373	-1.2084872	-1.194939	-1.179637	-1.1626292	-1.1438375	-1.1232713	-1.1011895	-1.1060284	-1.1082774	-1.0810966	-1.0526175	-1.0227836	-1.0314851	-1.0096257	-0.99890972	-0.98751328	-0.95045416	-0.91504278	-0.91312703	-0.87643818	-0.83523168	-0.81190913	-0.7893473	-0.75219264	-0.73656377	-0.69092935	-0.64486946	-0.61752019	-0.58263168	-0.53484058	-0.49156823	-0.466031	-0.41680288	-0.36735323	-0.31770355	-0.27850787	-0.24136864	-0.19071391	-0.13991675	-0.088962202	-0.037881012	0.013317678	0.064627832	0.11604378	0.16756021	0.21917211	0.27089201	0.32269626	0.37458095	0.42654235	0.47857697	0.53068151	0.58285412	0.63510138	0.68740839	0.73115326	0.77665139	0.82568802	0.86807576	0.92107043	0.96374619	1.0070808	1.0514474	1.0968123	1.1431427	1.1910771	1.2449486	1.293549	1.3462806	1.3974747	1.4489376	1.5030009	1.5570681	1.6111393	1.6652145	1.7166401	1.7677525	1.8195659	1.8720582	1.9206129	1.9202416	1.8709302	1.8176646	1.7650604	1.7131398	1.6619252	1.6111393	1.5570681	1.5030009	1.4489376	1.3948782	1.3426613	1.2923034	1.2383326	1.1843695	1.1355604	1.0882313	1.0418459	0.99643713	0.95000656	0.8969627	0.85376962	0.8117336	0.76220011	0.71597909	0.67138638	0.62146278	0.58285412	0.53068151	0.47857697	0.43737836	0.39343391	0.34186967	0.29039603	0.23901735	0.18776017	0.13661029	0.085573265	0.03465497	-0.016138334	-0.066799984	-0.11731986	-0.16766376	-0.2178486	-0.26786515	-0.31770355	-0.36735323	-0.41359829	-0.43919254	-0.48676134	-0.53484058	-0.58263168	-0.63011607	-0.66912819	-0.69092935	-0.73656377	-0.78170175	-0.80146711	-0.83264238	-0.85999639	-0.87643818	-0.91312703	-0.91504278	-0.95045416	-0.95644069	-0.97543265	-1.0096257	-1.0314851	-1.0227836	-1.0526175	-1.0381305	-1.0527095	-1.0776496	-1.1011895	-1.111257	-1.084577	-1.1026749	-1.1190403	-1.1337533	-1.146771	-1.1580539	-1.1675664	-1.1752768	-1.180893	-1.1845396	-1.1863176	-1.1862219	-1.184253	-1.1804171	-1.174726	-1.1669034	-1.1572073	-1.1457449	-1.1325524	-1.11767	-1.1011411	-1.0830118	-1.0630597	-1.0832157	-1.075595	-1.0505157	-1.0241016	-1.0040561	-1.0202553	-0.98903105	-0.99204357	-0.97249138	-0.95677338	-0.94724675	-0.91488043	-0.91296468	-0.87299535	-0.8593656	-0.82899481	-0.80039912	-0.77787875	-0.73269645	-0.68706202	-0.66755253	-0.62610954	-0.57859275	-0.53077171	-0.48266475	-0.43702354	-0.41142928	-0.36315964	-0.3134898	-0.26363267	-0.21359868	-0.16863915	-0.13559856	-0.08464402	-0.033550165	0.031447777	0.089894485	0.14094317	0.192104	0.24337148	0.29475015	0.34623348	0.39780686	0.44043125	0.48299157	0.53510292	0.58728067	0.63952922	0.67960385	0.72845505	0.7742775	0.81528059	0.85963159	0.91231867	0.95571654	1.0002213	1.0457321	1.0922153	1.1417801	1.1944927	1.242906	1.2968772	1.3508551	1.4016624	1.4535191	1.5075828	1.5616504	1.6156618	1.6662089	1.7174976	1.7694895	1.8221619	1.8571137	1.8571137
2	1.7548861	1.7540212	1.7401301	1.6926021	1.6439638	1.5966698	1.5476838	1.5008644	1.4514333	1.4020059	1.35549	1.3067225	1.2573555	1.2079941	1.1609871	1.1135463	1.0642635	1.0149896	0.96716095	0.92150344	0.87233286	0.82317434	0.77402856	0.7260912	0.68177951	0.63277427	0.58378737	0.53481968	0.4866755	0.44407251	0.39529643	0.34654825	0.29782943	0.25742998	0.20893427	0.16047899	0.11206638	0.063698863	0.024604724	-0.022872154	-0.070872362	-0.1188067	-0.16667109	-0.21446113	-0.25026783	-0.29761176	-0.34485266	-0.39198353	-0.43899678	-0.47241148	-0.51806963	-0.56428477	-0.60222871	-0.63959543	-0.68479967	-0.72975417	-0.77441838	-0.81076974	-0.84294392	-0.88609708	-0.92885585	-0.97113888	-1.0053103	-1.0302103	-1.0701855	-1.1095107	-1.1466471	-1.1578548	-1.1938625	-1.2288989	-1.238228	-1.2634681	-1.2939765	-1.31145	-1.3151231	-1.3402014	-1.3635553	-1.3466409	-1.3652045	-1.3817319	-1.3714043	-1.3673794	-1.3768553	-1.3837843	-1.3741293	-1.3486143	-1.3484249	-1.3459507	-1.3382116	-1.2924711	-1.2833546	-1.272176	-1.2589936	-1.243873	-1.1875338	-1.1691395	-1.1490875	-1.1274531	-1.1043127	-1.0796648	-1.0535715	-1.0262143	-0.99766422	-0.94104864	-0.90452036	-0.87335589	-0.84125452	-0.80827665	-0.77447357	-0.7398938	-0.7045395	-0.6684565	-0.63173526	-0.5944132	-0.5565254	-0.51810478	-0.47911891	-0.43966632	-0.39977354	-0.35946535	-0.318765	-0.27766978	-0.2362057	-0.20448842	-0.17394784	-0.1311494	-0.088083954	-0.044736918	-0.0011545622	0.04265103	0.086668524	0.13088728	0.17531118	0.21485475	0.24715797	0.29240014	0.33778914	0.38304243	0.41309793	0.45915791	0.50533086	0.54070258	0.58358638	0.62877018	0.66363833	0.71072815	0.74962936	0.79275632	0.82826219	0.8630748	0.89898319	0.93595341	0.97395194	1.0129458	1.047946	1.0525697	1.0943709	1.1370473	1.1845367	1.2291732	1.2776056	1.3237849	1.3731594	1.4199042	1.4685154	1.5150293	1.5637433	1.6105934	1.6580986	1.706237	1.7130894	1.753029	1.7534524	1.7296783	1.7141446	1.6762783	1.6296541	1.5837243	1.5365666	1.4898249	1.4416824	1.3925839	1.3474889	1.2982313	1.2489821	1.2037634	1.1557072	1.1132562	1.0718878	1.0314322	1.0205086	0.99437004	0.95672858	0.92020966	0.88475718	0.85040463	0.80741571	0.77214552	0.73848068	0.69157214	0.65215942	0.61234708	0.5793226	0.53492875	0.48897198	0.44313412	0.40773261	0.36872677	0.32356239	0.27856914	0.23373895	0.18907794	0.14459463	0.10029813	0.075829727	0.032320891	-0.010956638	-0.053990568	-0.09676781	-0.13927442	-0.18145712	-0.22333267	-0.26488561	-0.30609752	-0.34694874	-0.38739243	-0.42739937	-0.46697213	-0.50608457	-0.54470876	-0.58281492	-0.62029316	-0.65717909	-0.69343582	-0.72902404	-0.76390195	-0.7979688	-0.83117365	-0.87833305	-0.92746325	-0.95859994	-0.98870131	-1.0175616	-1.0452455	-1.0716824	-1.0967995	-1.1546849	-1.1803472	-1.2014783	-1.2209372	-1.2386433	-1.2545186	-1.3088931	-1.3210571	-1.3311019	-1.3389703	-1.3758594	-1.3898792	-1.3908353	-1.3892882	-1.4052568	-1.4205192	-1.4115934	-1.4002894	-1.3864773	-1.38574	-1.3910511	-1.3703144	-1.3476849	-1.358908	-1.3317545	-1.303067	-1.2729582	-1.268376	-1.2395856	-1.2048199	-1.1690635	-1.1481892	-1.1214841	-1.0824359	-1.045742	-1.025742	-0.98408249	-0.94193806	-0.91708677	-0.87642738	-0.83244759	-0.78815096	-0.75388876	-0.71586309	-0.67030395	-0.62451332	-0.58329229	-0.54702032	-0.50032592	-0.45349192	-0.40652322	-0.362324	-0.3244693	-0.2768788	-0.22920139	-0.18144247	-0.13359923	-0.085683115	-0.042826628	0.00047074091	0.048770593	0.09712147	0.14552234	0.190381	0.23411603	0.28279098	0.33149761	0.38023758	0.42900635	0.47780199	0.52662319	0.56944152	0.6176428	0.66664325	0.71566139	0.76469645	0.81374767	0.85724917	0.90631667	0.95549575	1.004686	1.053887	1.1030982	1.1519555	1.1969097	1.2462133	1.2955239	1.3448413	1.3941652	1.4428255	1.4889915	1.5365851	1.5844692	1.6313486	1.6780149	1.7253741	1.7544076	1.7534248	1.7530198
2	1.8024755	1.8013519	1.8022457	1.7592973	1.7055897	1.6526377	1.5983463	1.5422909	1.4862391	1.4310159	1.3791453	1.3231722	1.2672056	1.2112452	1.1552914	1.1032135	1.0498131	0.99397378	0.93814484	0.88418315	0.83434963	0.77867509	0.72301744	0.67543315	0.62117836	0.56572896	0.51030411	0.46042215	0.41074904	0.35559934	0.30048616	0.24706104	0.20362112	0.14887626	0.094187816	0.039556838	-0.0046631642	-0.053664626	-0.10778712	-0.16182533	-0.21041953	-0.25106988	-0.30443107	-0.35766935	-0.41076283	-0.4457483	-0.49436796	-0.54649766	-0.59843302	-0.63852803	-0.67585786	-0.72650002	-0.77169728	-0.79765328	-0.84665198	-0.89522559	-0.91664093	-0.95723932	-1.0035914	-1.049386	-1.0778175	-1.1001992	-1.1430468	-1.1851087	-1.2234946	-1.2234946	-1.2603446	-1.2973503	-1.3331805	-1.3375651	-1.3500445	-1.380722	-1.4098715	-1.4246537	-1.4074058	-1.430463	-1.4515421	-1.4200267	-1.4280468	-1.4422661	-1.4543792	-1.4344355	-1.4105664	-1.4158349	-1.4189309	-1.4126651	-1.3566777	-1.3531732	-1.34753	-1.3398316	-1.2905306	-1.2580089	-1.2448744	-1.2299096	-1.2131635	-1.1838248	-1.1169546	-1.0959095	-1.0731817	-1.0489965	-1.0234158	-0.99649626	-0.9397086	-0.88624091	-0.85644967	-0.82554395	-0.793573	-0.76058478	-0.72660622	-0.69162348	-0.65576898	-0.6190838	-0.58160733	-0.54337729	-0.48559861	-0.42086904	-0.38130703	-0.34111388	-0.30031891	-0.25892499	-0.21695163	-0.17446237	-0.1314808	-0.088029365	-0.044129412	-0.014794042	0.0081881626	0.053888667	0.099949443	0.14635416	0.19310946	0.24018898	0.28756512	0.33522498	0.36520984	0.40016304	0.43767518	0.46879124	0.51302674	0.54088838	0.59107933	0.61831671	0.64715967	0.67754142	0.70942333	0.74276629	0.77753089	0.81367753	0.83490829	0.8302285	0.86999114	0.91101308	0.89882172	0.93617978	0.98062136	1.0261714	1.0776909	1.129209	1.17966	1.235319	1.2909924	1.3461674	1.3948985	1.4505092	1.506333	1.5576398	1.6081979	1.6595817	1.7117639	1.7446265	1.7421653	1.7403843	1.7392843	1.7389046	1.6859292	1.678348	1.6382793	1.5845994	1.5316963	1.4776437	1.4231159	1.3705615	1.3145893	1.2586231	1.2026636	1.1519714	1.0970967	1.0461216	0.99772386	0.95036265	0.92702665	0.91974514	0.88707881	0.89288525	0.85077708	0.81003167	0.81945794	0.79175665	0.75461599	0.71884713	0.68449077	0.65158755	0.62017789	0.58595521	0.53647524	0.50857352	0.45816549	0.4297251	0.38518893	0.35361033	0.31573399	0.28042356	0.25003424	0.20218431	0.15462019	0.10937327	0.094016808	0.049185096	0.0035259485	-0.041753463	-0.063897257	-0.092490045	-0.13588875	-0.17881475	-0.22124541	-0.26315695	-0.3045244	-0.34528065	-0.38540502	-0.42489448	-0.46371808	-0.50184345	-0.53923672	-0.57586257	-0.61168414	-0.64666311	-0.68075966	-0.71393255	-0.74604463	-0.77711394	-0.8071155	-0.8360026	-0.86372763	-0.91568057	-0.97098857	-0.99565441	-1.0189404	-1.0407942	-1.0611588	-1.0798128	-1.0968719	-1.1122905	-1.1260258	-1.1704994	-1.2093245	-1.2181064	-1.2250065	-1.2300008	-1.2373803	-1.2946544	-1.2950235	-1.2919451	-1.2868666	-1.2798077	-1.30193	-1.3203261	-1.3070046	-1.2917814	-1.2829254	-1.3136478	-1.2921989	-1.2689561	-1.2440987	-1.2540728	-1.2428476	-1.2126281	-1.1810725	-1.1631804	-1.1625896	-1.1264616	-1.0892842	-1.0510502	-1.0483628	-1.0143192	-0.97255705	-0.93006505	-0.90488634	-0.88081167	-0.83556057	-0.78977319	-0.74686313	-0.73002696	-0.6820591	-0.63370524	-0.58499358	-0.5544494	-0.51523337	-0.46497606	-0.41446112	-0.37043062	-0.33784696	-0.28614336	-0.2342528	-0.20221591	-0.15192627	-0.099112051	-0.046167765	-0.0032706371	0.040866466	0.09450914	0.14824465	0.19949208	0.23922567	0.29350328	0.34785124	0.39072238	0.44217093	0.4969336	0.545236	0.59378714	0.64888363	0.70401423	0.7577063	0.80334575	0.85873605	0.91415107	0.96232291	1.0156172	1.0712305	1.12686	1.1793623	1.2301695	1.2859515	1.3417445	1.3975479	1.4533624	1.5036784	1.55849	1.6107985	1.6622287	1.7144554	1.7674524	1.8039648	1.8022457	1.8022457
