1	-1.1118588	-1.1119312	-1.1118131	-1.1119971	-1.1120138	-1.1120409	-1.1117629	-1.1118248	-1.1118719	-1.111886	-1.1119761	-1.1120657	-1.1120678	-1.1117898	-1.1118955	-1.1118823	-1.111793	-1.112015	-1.111953	-1.1120299	-1.1117844	-1.1121036	-1.1119462	-1.1121011	-1.1119944	-1.1118141	-1.1117947	-1.1120003	-1.1120247	-1.1120185	-1.1118788	-1.1119163	-1.1119066	-1.1117659	-1.1119435	-1.1120543	-1.1117827	-1.1119022	-1.1118069	-1.1116806	-1.1120957	-1.1119197	-1.1117646	-1.1120025	-1.1120563	-1.1117769	-1.1119574	-1.1116883	-1.1120899	-1.1117068	1.2958738	1.3817943	1.4246694	1.4250062	1.382029	1.3819931	1.3386945	1.3388212	1.2528553	1.2530177	1.2100157	1.2100627	1.1237677	1.1236964	1.080748	1.0810439	1.0809873	1.0380129	1.0380687	1.0378455	0.99497887	0.99510901	0.9950269	0.99508446	0.99471278	0.95210884	0.95185124	0.95170455	0.95175975	0.95188789	0.95170495	0.95203594	0.95180766	0.90906439	0.90887597	0.95203683	0.95169317	0.95209182	0.90895119	0.90902252	0.86610784	0.90877985	0.90885228	0.90898924	0.9090678	0.90903195	0.90874133	0.90907444	0.90874008	0.90873	0.90901942	0.90893067	0.90886376	0.90880665	0.86605229	0.90904278	0.8659352	0.86605222	0.86591793	0.86572642	0.82289462	0.86584	0.86576058	0.82311848	0.82278014	0.8657745	0.86612001	0.8659238	0.8661216	0.86572687	0.82298229	0.82279925	0.82283913	0.82297711	0.86590859	0.8228344	0.82294776	0.82284165	0.82274789	0.82284544	0.82290824	0.82287615	0.82298464	0.82298619	0.82276582	0.82300734	0.82304353	0.82311721	0.82286947	0.82309213	0.82292014	0.82289252	0.82282033	0.82292549	0.82302632	0.82279791	0.82279098	0.82306735	0.86574797	0.86581375	0.82290721	0.82308596	0.82295113	0.82284487	0.82284606	0.82306922	0.82287915	0.82307611	0.82302862	0.82297568	0.82275834	0.82290629	0.82303809	0.82308769	0.82290583	0.77977017	0.82292605	0.82305876	0.82302612	0.8228954	0.82308385	0.82281315	0.77984547	0.82306805	0.82300747	0.82306257	0.82284558	0.82296331	0.77973614	0.77978209	0.78013109	0.82277541	0.82277182	0.7801225	0.7797397	0.77982725	0.77971419	0.7801216	0.78011245	0.77981043	0.78001064	0.7797392	0.77993752	0.77975146	0.7797331	0.77997047	0.78003568	0.77992038	0.77977479	0.7800359	0.82285308	0.82292978	0.78002466	0.77972391	0.82312954	0.78011027	0.77991458	0.77981843	0.77992693	0.77985994	0.77979388	0.77981398	0.77999946	0.77988491	0.77997708	0.77999145	0.73675829	-0.50974023	-1.1117133	-1.1118171	-1.1117603	-1.1118526	-1.111832	-1.1119524	-1.1117264	-1.111759	-1.1120376	-1.1119494	-1.1119747	-1.1120748	-1.1119533	-1.1120844	-1.1119859	-1.1119808	-1.1121054	-1.1117566	-1.1120648	-1.112055	-1.1118563	-1.1118899	-1.1120553	-1.1119357	-1.1119205	-1.1120025	-1.1120752	-1.1117445	-1.1117716	-1.1117721	-1.1119534	-1.111726	-1.1117079	-1.1119867	-1.1116883	-1.1117412	-1.1117391	-1.1118909	-1.1118186	-1.1119617	-1.1119738	-1.1118333	-1.1117265	-1.1118672	-1.1118809	-1.1119575	-1.1118973	-1.1117567	-1.1116972	-1.1119512	-1.1118504	-1.1118085	-1.1120761	-1.1120317	-1.1120357	-1.1117473	-1.1119245	-1.1119245	-1.1118489	-1.1117334	-1.1119666	-1.1119745	-1.1119127	-1.1117051	-1.1118342	-1.1120192	-1.111703	-1.1119189	-1.1118379	-1.1119843	-1.1117128	-1.1119925	-1.1119349	-1.1120015	-1.1119655	-1.1120157	-1.1119718	-1.1117238	-1.1117488	-1.1117178	-1.1118336	-1.1119376	-1.1119071
1	-1.2498632	-1.2497377	-1.2496852	-1.2498857	-1.2496748	-1.2498683	-1.2498678	-1.2499454	-1.2495677	-1.2495936	-1.2499181	-1.2496239	-1.2499397	-1.2498507	-1.2497305	-1.2497093	-1.249892	-1.2496381	-1.249677	-1.2498155	-1.2498797	-1.249698	-1.2497325	-1.2497454	-1.2499541	-1.2497261	-1.2495861	-1.2498264	-1.24981	-1.2499492	-1.2496136	-1.2496887	-1.249642	-1.2498941	-1.2497688	-1.2499186	-1.2499181	-1.2498496	-1.2496299	-1.2496395	-1.2498785	-1.2496536	-1.2498139	-1.249901	-1.2495601	-1.2498131	-1.2496238	-1.2498337	-1.2496071	-1.2498752	1.263376	1.2634407	1.2637654	1.2636919	1.2634011	1.2636122	1.2201605	1.2202796	1.2201058	1.1337577	1.1336295	1.1336244	1.0468879	1.0037967	1.003704	1.0037323	0.96017524	0.96018274	0.91686364	0.91699147	0.91712501	0.91709419	0.8737156	0.87358305	0.8733876	0.87351926	0.8734992	0.8734885	0.87340311	0.87338654	0.87368461	0.87364516	0.87355513	0.87374751	0.87377518	0.87338939	0.87373895	0.87348927	0.87372858	0.83019909	0.87375393	0.83040204	0.83006862	0.83019755	0.83045174	0.83027667	0.78710811	0.78705615	0.7868957	0.83027754	0.83029604	0.83030309	0.83031653	0.83004349	0.83031708	0.83018269	0.83018686	0.83022881	0.78695135	0.78683084	0.83025361	0.83003822	0.83020099	0.83036074	0.83008517	0.78672976	0.78682321	0.78694379	0.7869987	0.78671339	0.7870669	0.78673364	0.78673856	0.78706259	0.78706349	0.786738	0.78692765	0.78710914	0.78686165	0.78695973	0.78692582	0.78681089	0.74348099	0.78696488	0.78678953	0.78686185	0.78674346	0.74357148	0.78712617	0.74370891	0.74339446	0.74362222	0.78678247	0.78684014	0.74344974	0.74338079	0.74342491	0.74352265	0.74343216	0.74353745	0.78686695	0.78712868	0.7870065	0.78705631	0.78706376	0.78676202	0.78676762	0.78672005	0.78701248	0.74345512	0.74352124	0.74345207	0.74370511	0.74355538	0.74357153	0.74376682	0.74356593	0.7434067	0.7433969	0.70043512	0.70045752	0.70036933	0.70036392	0.70013143	0.70012327	0.70042268	0.70004803	0.70012217	0.70023442	0.70012377	0.70012718	0.65688526	0.70043368	0.70008951	0.65680113	0.70037592	0.70044819	0.70030429	0.70042789	0.70007883	0.70037134	0.6567044	0.65688989	0.65701309	0.65678899	0.70008406	0.70014843	0.70024893	0.65683554	0.65703672	0.65703751	0.65706556	0.65692592	0.65697721	0.65712915	0.65698882	0.65703427	0.65692512	0.65691	0.65672176	0.65697385	0.65681385	0.65700008	0.65673465	0.65708806	0.65696316	0.65683837	0.65692161	0.65690266	0.65683737	0.61358589	0.65711122	0.65688409	0.65708288	0.65695312	0.65705062	0.65677818	0.65689595	0.65689354	0.65672323	0.65703519	0.65681242	0.65709951	-0.079543033	-0.079909909	-1.2496238	-1.2499645	-1.249863	-1.2496758	-1.2498021	-1.2496071	-1.2495647	-1.2496	-1.2497037	-1.2498844	-1.2497897	-1.249928	-1.2496179	-1.2496029	-1.249736	-1.249614	-1.2497375	-1.2496196	-1.2499417	-1.2498866	-1.249861	-1.2498474	-1.249861	-1.2498686	-1.249813	-1.2495958	-1.2497049	-1.2498084	-1.249689	-1.2497195	-1.2499392	-1.2497675	-1.2497482	-1.249577	-1.2498052	-1.2499333	-1.2499705	-1.2496482	-1.2498464	-1.2499308	-1.249873	-1.2499043	-1.2496427	-1.2499326	-1.2497239	-1.249731	-1.2495831	-1.2499324	-1.249715	-1.2495931	-1.2498136	-1.2495979	-1.2499281	-1.2496071	-1.2496125	-1.2499308	-1.2496591	-1.2498404	-1.2495982	-1.2496928	-1.2497953	-1.2497546	-1.2495703	-1.2497296	-1.2495743	-1.2496583
1	-1.3704686	-1.3706803	-1.3705187	-1.3707705	-1.3707395	-1.3706037	-1.3707561	-1.370773	-1.3707126	-1.3708247	-1.3706533	-1.3706123	-1.3708026	-1.370857	-1.3705565	-1.3705595	-1.3705	-1.3704775	-1.3708168	-1.3704337	-1.3707961	-1.3705361	-1.3706912	-1.3708678	-1.3704785	-1.3708326	-1.3706056	-1.3706922	-1.3707187	-1.3707495	-1.3708459	-1.3704725	-1.3705545	-1.3704242	-1.3705404	-1.3707382	-1.3704616	-1.3707989	-1.3708472	-1.3705227	-1.370651	-1.3707907	-1.3708635	-1.3707144	-1.3705717	-1.3705864	-1.37056	-1.3707509	-1.3704836	-1.3704753	1.222805	1.2675284	1.2672442	1.2675403	1.267229	1.2675698	1.2673006	1.1778887	1.1332706	1.133403	1.0437748	1.0437582	0.95425529	0.99920095	0.95434676	0.90989329	0.90971788	0.90964086	0.90964383	0.90953025	0.864925	0.86513899	0.82029468	0.82048413	0.82024372	0.82009555	0.82011884	0.82028275	0.77537041	0.77576356	0.77564572	0.77575496	0.77537485	0.7757138	0.77563801	0.77561057	0.77548584	0.77541806	0.77556103	0.77546015	0.77548747	0.77560606	0.77554078	0.77537471	0.77562178	0.73079073	0.730719	0.73103482	0.7309352	0.77559271	0.73107187	0.73078288	0.77569232	0.77561989	0.73086105	0.7310434	0.73081352	0.73098227	0.73098021	0.7307557	0.77576122	0.73088902	0.73074626	0.73072435	0.73094375	0.73067832	0.73080734	0.73072591	0.73097134	0.73065867	0.73108471	0.73076456	0.73076648	0.73092651	0.73103523	0.73099202	0.73069939	0.73103943	0.7306738	0.68599033	0.68616128	0.686365	0.68628089	0.68623195	0.68597734	0.7310635	0.73069033	0.68610618	0.68628965	0.68593927	0.68603204	0.68601653	0.6862146	0.68617161	0.68593175	0.68631448	0.68606647	0.68622968	0.68599245	0.68616843	0.68612586	0.68599821	0.68595009	0.6860682	0.68621167	0.68631169	0.686317	0.68616476	0.68632599	0.68630311	0.6863202	0.68635837	0.68633461	0.6861195	0.686208	0.68600689	0.68618314	0.64153959	0.68611184	0.68621965	0.68610121	0.68634186	0.68613839	0.686072	0.68635267	0.68606357	0.68610725	0.64137954	0.64160775	0.64147523	0.68616459	0.68595675	0.6860268	0.68634049	0.64151452	0.64150897	0.64161745	0.64145583	0.64135306	0.68601298	0.68608597	0.64129732	0.64147313	0.64153976	0.64134823	0.64153368	0.6416072	0.64122876	0.64134538	0.64160571	0.64152283	0.6414746	0.68594318	0.64150614	0.6413825	0.64164338	0.64138066	0.64123631	0.64138299	0.64131317	0.64150413	0.64149505	0.64157885	0.64124357	0.64154567	0.64164765	0.64143352	0.64139654	0.59664931	0.59652516	0.59664442	0.64135204	0.59659232	0.59676619	0.59694131	0.59662121	0.64141068	0.59694089	0.59656313	0.64143781	0.59665474	0.59694182	0.59662547	0.64140478	0.64155996	0.64165717	0.64125571	0.59655052	0.59694055	0.59671371	0.59665828	0.59693266	0.59659795	0.59652116	-0.61071539	-0.6104316	-0.61035191	-0.61067845	-0.61044674	-0.61052608	-1.3706094	-1.3706115	-1.3704376	-1.3705939	-1.3706631	-1.370542	-1.3706768	-1.3706353	-1.3705263	-1.3707151	-1.3706857	-1.3705568	-1.3708052	-1.3708055	-1.3707964	-1.3707769	-1.370858	-1.370846	-1.3704584	-1.3707978	-1.3706838	-1.3704785	-1.3706676	-1.3704804	-1.3706779	-1.3704667	-1.3707596	-1.370458	-1.3706818	-1.3706706	-1.3704845	-1.3705579	-1.3707915	-1.3708579	-1.3708051	-1.3708519	-1.3706827	-1.3706614	-1.3707371	-1.3706968	-1.3707512	-1.3707977	-1.3708242	-1.3707859	-1.3708601	-1.3706935	-1.3708087	-1.3704965	-1.3704242	-1.3707476	-1.3706471
1	-1.1076557	-1.1075761	-1.1075921	-1.1077972	-1.1076036	-1.1078032	-1.1075568	-1.1077971	-1.10761	-1.1075338	-1.1077502	-1.1075929	-1.1078453	-1.1078496	-1.1078455	-1.1076662	-1.1076662	-1.107522	-1.1076153	-1.1076133	-1.1075239	-1.1078006	-1.1077663	-1.1078331	-1.1078253	-1.1078768	-1.1076464	-1.1078132	-1.1077787	-1.1077275	-1.107715	-1.1078763	-1.1078138	-1.1078561	-1.1078809	-1.1078533	-1.1076918	-1.1076423	-1.107611	-1.1078552	-1.107771	-1.1077975	-1.1075354	-1.1078485	-1.1077547	-1.107807	-1.1078632	-1.1079147	-1.1077151	-1.1077708	1.3240277	1.3239284	1.3238745	1.4090953	1.4092384	1.409095	1.3665681	1.3239781	1.3238998	1.2383524	1.1958291	1.1532246	1.1106	1.1106008	1.1103392	1.1103792	1.0680493	1.06794	1.0252651	1.025337	1.0254213	1.0254201	1.0253028	1.02529	0.98275606	0.98254128	0.9827091	0.9397771	0.93986559	0.93994491	0.93969405	0.93999925	0.93996663	0.94002151	0.93978643	0.93999056	0.93980238	0.93970519	0.93969982	0.89734956	0.89745145	0.94007291	0.94001175	0.94006223	0.94000219	0.89712323	0.89703323	0.8970341	0.89728626	0.8971047	0.89738706	0.89728363	0.89713176	0.89727921	0.89738415	0.85455843	0.89730892	0.89711556	0.89714161	0.89722125	0.8971417	0.89728813	0.89727219	0.89745605	0.85466704	0.85444383	0.89710342	0.85446611	0.85459938	0.85468594	0.8546553	0.85453052	0.89730628	0.8973551	0.85469671	0.85475955	0.85449638	0.85456575	0.85447537	0.85466251	0.85459086	0.85458381	0.85450486	0.85478263	0.85459178	0.81199151	0.85461812	0.85463793	0.8118381	0.81188304	0.85439268	0.85446656	0.85447941	0.85474434	0.85459581	0.85474258	0.85470041	0.8545725	0.85463393	0.8547371	0.81185196	0.81195827	0.81197874	0.81178341	0.85478777	0.85476575	0.81182938	0.81201211	0.81206274	0.81205575	0.81186678	0.81195046	0.85467424	0.81193603	0.81202612	0.8120776	0.81202506	0.81198788	0.76939474	0.81185964	0.81194016	0.81199898	0.76936917	0.76918942	0.76917086	0.76910404	0.76913599	0.76944332	0.76938074	0.8121278	0.81179505	0.81178566	0.81189923	0.76942646	0.76924425	0.76915621	0.7693987	0.76927227	0.76927489	0.76930585	0.76944247	0.76918875	0.76933811	0.769367	0.76907631	0.76940135	0.76916332	0.76928467	0.76905699	0.72657846	0.72677992	0.81191082	0.76927845	0.76931532	0.76943055	0.76946784	0.76940648	0.76911759	0.76929349	0.81174576	0.81180184	0.76922469	0.68384332	0.68398061	0.6838512	0.68406405	0.68400274	-1.1076691	-1.1076828	-1.1077067	-1.1077892	-1.1077488	-1.1077332	-1.1076112	-1.1075459	-1.1075286	-1.1078111	-1.1076187	-1.1075118	-1.1075489	-1.1078101	-1.1075581	-1.1076439	-1.1076782	-1.1078116	-1.1075629	-1.1076591	-1.1077274	-1.1075548	-1.1076017	-1.1077357	-1.1078217	-1.1078431	-1.1075828	-1.1077842	-1.107856	-1.1077185	-1.1079316	-1.1076935	-1.1077764	-1.1078554	-1.107694	-1.1079114	-1.1075502	-1.1075707	-1.1075766	-1.1075541	-1.1077234	-1.107931	-1.1077522	-1.1078248	-1.1079267	-1.1077566	-1.1079009	-1.1077804	-1.1078525	-1.1078317	-1.1077054	-1.1075891	-1.1077438	-1.1077016	-1.1079126	-1.1077237	-1.1078117	-1.1078296	-1.1078346	-1.1078568	-1.1077039	-1.1075924	-1.1075539	-1.1078905	-1.1077605	-1.1076463	-1.1076648	-1.1078033	-1.107909	-1.107575	-1.1075623	-1.1075674	-1.1078877	-1.1077817	-1.1075675	-1.10788	-1.1077906	-1.1076175	-1.1075233	-1.1077345	-1.1075544	-1.1077085	-1.1077209	-1.1078771
1	-1.4772383	-1.477561	-1.4775389	-1.4774392	-1.4771904	-1.4772173	-1.4773381	-1.4772016	-1.4773189	-1.477488	-1.4773868	-1.4773322	-1.4771608	-1.4774909	-1.4774792	-1.4772144	-1.4773486	-1.4773177	-1.4772404	-1.4773179	-1.4775845	-1.4774806	-1.4772242	-1.4775324	-1.4772782	-1.4774542	-1.4774847	-1.4774793	-1.477159	-1.4771989	-1.4772919	-1.477346	-1.4773591	-1.4774831	-1.4772418	-1.4774008	-1.4775265	-1.4772115	-1.4772888	-1.4773471	-1.4774996	-1.4774224	-1.4774072	-1.477568	-1.4773894	-1.4773438	-1.477241	-1.4772138	-1.4773636	-1.4772929	1.1747165	1.1746735	1.2206216	1.2203253	1.2662745	1.2662722	1.2206041	1.174802	1.1745528	1.1749668	0.9919022	0.99178082	0.9462809	0.90023437	0.85477289	0.8547354	0.85471914	0.80901394	0.80914984	0.85483175	0.80871872	0.80900092	0.7633673	0.76310125	0.76313546	0.76333404	0.71743822	0.76323837	0.71739487	0.7173167	0.71766141	0.71760947	0.71761448	0.71754617	0.71763505	0.71757903	0.71742839	0.7175196	0.71766435	0.71741334	0.71767859	0.7634182	0.7175342	0.71731432	0.71729494	0.71768115	0.71765726	0.71726227	0.71764784	0.71754489	0.71737598	0.71771553	0.71735669	0.7174589	0.7173779	0.71761141	0.71745915	0.71733955	0.71735023	0.71745765	0.71731486	0.71761275	0.71745694	0.67168176	0.67184862	0.6717688	0.67191456	0.67196121	0.67187173	0.7173577	0.6715585	0.67166488	0.6716616	0.67198658	0.67155623	0.67184016	0.67154762	0.67166739	0.67180938	0.67192401	0.71768547	0.67158661	0.67165364	0.67173403	0.62594016	0.67195916	0.67186567	0.67153501	0.67178437	0.67179974	0.67170893	0.62591699	0.62581444	0.62582368	0.62614293	0.6716803	0.67187692	0.67181379	0.67188651	0.626261	0.67158007	0.62588892	0.62603951	0.67169753	0.67165827	0.67187634	0.6717727	0.62602401	0.62612069	0.67181715	0.67197331	0.62622702	0.62599426	0.62589983	0.62613681	0.62591673	0.62598027	0.62621531	0.62585807	0.62603701	0.62609165	0.62601352	0.62583566	0.62585617	0.62599538	0.58028495	0.58053525	0.58010224	0.58052852	0.62618167	0.62614929	0.58026096	0.58046076	0.58017417	0.58045837	0.58044588	0.58014659	0.58030426	0.58042896	0.5802866	0.62595646	0.5803276	0.58043496	0.58026166	0.58023745	0.58047007	0.58028798	0.58025368	0.58012309	0.58029444	0.58040633	0.58037633	0.58037087	0.58036439	0.58052631	0.53442783	0.53436091	0.58042472	0.5804648	0.53471884	0.53461909	0.53470002	0.53456679	0.5344714	0.53439762	0.53441754	0.53456494	0.53458186	0.53477997	0.58028444	0.58050825	0.53456604	0.58026617	0.58047028	0.58043696	0.58023696	0.53454869	0.53447149	0.53437652	0.5346052	0.53475843	0.53473867	0.53478755	0.53463328	0.53446575	0.53479991	0.5346021	0.58035996	0.58043348	0.53448754	0.53437853	0.53441964	0.53463401	0.53439878	0.53446464	0.53443176	0.5347907	0.53443992	0.53444391	0.5345845	0.48899893	0.53451135	0.53466248	0.53465843	0.53445529	-0.060060158	-0.059739493	-0.060078045	-1.4775601	-1.4775449	-1.4775058	-1.4771511	-1.4775069	-1.4775061	-1.4772226	-1.4773385	-1.4773627	-1.4774858	-1.4776003	-1.4774831	-1.4773558	-1.4773456	-1.4775938	-1.4774984	-1.4772243	-1.4773208	-1.4772081	-1.4775783	-1.4774194	-1.4773957	-1.4771987	-1.4772206	-1.4774389	-1.4774023	-1.4774783	-1.4774129	-1.4775973	-1.4773995	-1.477281	-1.4772107	-1.4775478	-1.4775396	-1.4773907	-1.4772756	-1.4775594	-1.4772021	-1.4772784	-1.4774625	-1.477247	-1.4771535	-1.4771943
1	-1.1668282	-1.1669414	-1.1669442	-1.1669492	-1.167118	-1.1667804	-1.1669067	-1.1671012	-1.1668516	-1.1667764	-1.166721	-1.1670012	-1.1668243	-1.1667755	-1.1669806	-1.1667309	-1.1668623	-1.1667374	-1.1671156	-1.1668185	-1.1668494	-1.1670924	-1.1667829	-1.1669125	-1.1667487	-1.1668914	-1.1667287	-1.1669478	-1.1669673	-1.1670625	-1.1670161	-1.1670745	-1.1669356	-1.1668004	-1.1670193	-1.1668448	-1.1667107	-1.1669541	-1.1668088	-1.1667929	-1.1668982	-1.1670789	-1.1667692	-1.1670249	-1.1669179	-1.1667435	-1.1667973	-1.1667635	-1.1667935	-1.1670781	1.2745476	1.2745397	1.2745185	1.2325824	1.3588761	1.3165595	1.3165272	1.2747148	1.2326007	1.1902935	1.1061117	1.1483822	1.1482747	1.0641109	1.022118	1.0220768	0.98012137	0.97984486	0.93763815	0.93778272	0.97979201	0.93795289	0.937951	0.89563525	0.93799802	0.89588713	0.89586988	0.89571491	0.89562544	0.89578237	0.89594098	0.8958729	0.89562625	0.8958317	0.89565088	0.85355845	0.89594007	0.85359454	0.89558888	0.89562477	0.89565587	0.89575318	0.89576606	0.85373247	0.89564365	0.8536967	0.89566012	0.89562635	0.89562134	0.89587141	0.85366572	0.89585853	0.85363378	0.85364515	0.85381751	0.85358916	0.8536145	0.85358537	0.853664	0.89583161	0.853864	0.85349452	0.85361132	0.85354564	0.85370933	0.85365859	0.85364533	0.85348174	0.8534741	0.85361033	0.85384561	0.8534525	0.85354586	0.85345187	0.85375501	0.85375357	0.81149139	0.85359563	0.81174182	0.81156702	0.85367788	0.85375569	0.81145445	0.81165054	0.81163151	0.81146564	0.81142149	0.81138012	0.85350852	0.81159301	0.81148515	0.81147292	0.81146035	0.81169009	0.81164555	0.81168005	0.8117157	0.81175505	0.81141468	0.81143758	0.8116287	0.81154094	0.81144237	0.8116542	0.81143767	0.81139414	0.81136626	0.81143494	0.81157823	0.76930534	0.81171196	0.7692822	0.76958047	0.81175943	0.81151365	0.76938965	0.81153479	0.76934877	0.76957335	0.76939337	0.76960285	0.72737235	0.7696538	0.76960312	0.76957387	0.76955773	0.76954545	0.76926849	0.76962773	0.76960799	0.81161294	0.76953028	0.76965491	0.76953175	0.76948228	0.76927056	0.7696494	0.76961492	0.76950136	0.7696622	0.76934413	0.72719992	0.76942015	0.76925881	0.72754429	0.76962362	0.72753889	0.72726481	0.72723827	0.72739599	0.72753379	0.72748511	0.72737138	0.72754652	0.72724085	0.7273181	0.72718246	0.72747887	0.7273526	0.72725512	0.72743757	0.72730264	0.68519742	0.72744344	0.72722077	0.72743659	0.72728177	0.72728996	0.72723477	0.6850708	0.72742326	0.6850873	0.68527043	-0.11441048	-0.11437254	-1.1667426	-1.1667129	-1.166896	-1.1671029	-1.166951	-1.1667815	-1.1669114	-1.1669585	-1.1667512	-1.1671221	-1.1670392	-1.1669822	-1.1670875	-1.1667377	-1.1668202	-1.1671199	-1.1668221	-1.1668415	-1.1670212	-1.1671245	-1.1668693	-1.167027	-1.1671059	-1.1669158	-1.167128	-1.1670263	-1.1670139	-1.1669855	-1.1667636	-1.1670771	-1.166784	-1.1669368	-1.1668527	-1.1668223	-1.1670479	-1.167049	-1.1670654	-1.1668871	-1.1668357	-1.1669111	-1.1671007	-1.1668804	-1.167063	-1.1667878	-1.1669141	-1.1669473	-1.1670923	-1.1667379	-1.1667186	-1.1669517	-1.1667896	-1.1667743	-1.1667259	-1.1670037	-1.1670959	-1.1671149	-1.1669414	-1.1669393	-1.1669468	-1.1670192	-1.1668177	-1.167002	-1.1668144	-1.1669514	-1.1670712	-1.1670841	-1.1667472	-1.1671162	-1.1668705	-1.1669618	-1.1670237	-1.1668697	-1.1670047	-1.1667785	-1.166807	-1.1668192
1	-1.1229006	-1.123223	-1.1231667	-1.1230479	-1.1231324	-1.1229645	-1.1232066	-1.1231296	-1.1230605	-1.1230705	-1.1230164	-1.1232554	-1.1229402	-1.1231396	-1.1230079	-1.1232341	-1.1232244	-1.1229348	-1.1232433	-1.1231397	-1.1231025	-1.1229944	-1.1231619	-1.123038	-1.123198	-1.1229452	-1.1229765	-1.1230128	-1.12306	-1.1232116	-1.1231432	-1.1230183	-1.1231991	-1.1231162	-1.1229646	-1.1229315	-1.1231831	-1.1232526	-1.1231405	-1.1231627	-1.1231731	-1.1230847	-1.1229366	-1.1232722	-1.1230091	-1.1231629	-1.1233012	-1.123241	-1.1230201	-1.12321	1.294811	1.3812576	1.3815187	1.3813441	1.4246187	1.4246906	1.3380965	1.2949979	1.2519238	1.2517849	1.251876	1.1653037	1.1655246	1.1221673	1.0790962	1.0791141	1.0360808	1.0357882	1.0357742	1.0358816	0.99278398	0.99273012	0.99268344	0.99261202	0.94933133	0.94955655	0.94971262	0.94938904	0.90615445	0.90630028	0.90638236	0.90638102	0.90625998	0.90648204	0.90652875	0.90649825	0.90638628	0.90615747	0.90642798	0.90649733	0.86320672	0.86303209	0.90633339	0.90614703	0.86318112	0.90655385	0.86299777	0.90635472	0.90649428	0.90623855	0.90612616	0.86296802	0.86313042	0.90622362	0.90633958	0.9064317	0.86336719	0.86331627	0.86315983	0.8633298	0.86337209	0.86316992	0.86329106	0.86318077	0.86336052	0.86300229	0.90644879	0.86300342	0.86305709	0.86330738	0.86317246	0.86323431	0.86312371	0.86330173	0.81989834	0.82001339	0.81978992	0.8631819	0.86302217	0.86329869	0.81976703	0.81996828	0.82007154	0.86337114	0.86331642	0.86320135	0.86303126	0.81978506	0.82002231	0.81982147	0.82016001	0.81984341	0.82018819	0.81987672	0.82015036	0.86305992	0.86326674	0.81980157	0.81977378	0.82009073	0.81993237	0.82011943	0.81992285	0.82004915	0.81984189	0.82009011	0.81984242	0.81979631	0.81977884	0.81998874	0.82009701	0.82018176	0.8200173	0.82011735	0.86336894	0.81980668	0.82009242	0.81985726	0.82018285	0.82007789	0.81986326	0.81986266	0.82015188	0.8200728	0.82005462	0.81994218	0.82002147	0.81989055	0.77667149	0.77673938	0.81989636	0.77668123	0.82015047	0.81987959	0.81981405	0.82015461	0.81995153	0.81996158	0.82003398	0.81983425	0.77672721	0.8197966	0.82007165	0.81996845	0.81986026	0.81977137	0.82003595	0.81977064	0.82005813	0.82012902	0.82003547	0.776938	0.77680154	0.77677501	0.77668634	0.77673753	0.77697296	0.77699033	0.77661125	0.8199086	0.82010253	0.81990872	0.81995343	0.77679159	0.77701663	-0.043580412	-0.043455628	-0.043523794	-0.043786565	-0.043606898	-1.1231705	-1.1232617	-1.1228953	-1.1232771	-1.123029	-1.1230556	-1.1229839	-1.1233079	-1.1229432	-1.1229733	-1.1232559	-1.1229686	-1.1230962	-1.1230733	-1.1229907	-1.1232824	-1.1230312	-1.1232912	-1.1229716	-1.1231093	-1.1232158	-1.1231358	-1.12316	-1.1231252	-1.1232208	-1.1231837	-1.1230909	-1.1231711	-1.1230621	-1.1232281	-1.1230374	-1.1231989	-1.1231974	-1.1229119	-1.122973	-1.1229913	-1.1232939	-1.1232861	-1.1231299	-1.1229482	-1.1230749	-1.1231204	-1.123099	-1.1232584	-1.1231022	-1.1230558	-1.1233082	-1.123025	-1.1229011	-1.1231382	-1.1233095	-1.1229974	-1.1232556	-1.1230307	-1.1229544	-1.1233179	-1.1229618	-1.1229538	-1.1230812	-1.1229505	-1.1231227	-1.1232213	-1.1231717	-1.1233098	-1.1231231	-1.1232005	-1.1232796	-1.1229267	-1.1230303	-1.1232173	-1.122904	-1.1229097	-1.1229641	-1.1232779	-1.1231546	-1.1229249	-1.1229221	-1.1230927	-1.1231112	-1.1230775	-1.1232621
1	-1.1586763	-1.1586477	-1.1587131	-1.1585262	-1.1586446	-1.1585494	-1.1587818	-1.1587683	-1.1585	-1.1584536	-1.1588203	-1.1585668	-1.1585775	-1.1587294	-1.1584286	-1.1585623	-1.1584537	-1.1587587	-1.1584672	-1.1586051	-1.1586782	-1.1586123	-1.158556	-1.1584789	-1.1584554	-1.15878	-1.1585843	-1.1586461	-1.1584137	-1.1585636	-1.1586817	-1.1586291	-1.1585126	-1.158509	-1.1586284	-1.1585557	-1.1585329	-1.1586846	-1.1584485	-1.1588144	-1.1587395	-1.1585407	-1.158793	-1.1587991	-1.1585979	-1.1587991	-1.1586395	-1.1588163	-1.1584964	-1.1585352	1.3370094	1.2524067	1.2521879	1.2947241	1.336775	1.2947981	1.2944933	1.2945691	1.210193	1.1676932	1.0833586	1.0829712	1.0410437	1.0407262	0.99856872	0.9984215	0.99871372	0.95619315	0.95632899	0.95613704	0.95634492	0.95634085	0.91375933	0.91388901	0.91404512	0.91382805	0.91401669	0.87179313	0.87155042	0.87162199	0.91382084	0.91386942	0.91417458	0.87182193	0.87174098	0.91399177	0.91400323	0.91400092	0.9138749	0.87153792	0.91412959	0.87183422	0.8714991	0.87151829	0.87153092	0.91409519	0.87156464	0.87178257	0.87160823	0.87147733	0.91404631	0.87146827	0.87182954	0.91408159	0.87158325	0.913847	0.91416848	0.87147827	0.8716874	0.87177211	0.87168897	0.87172268	0.87185759	0.87170369	0.87162837	0.87171606	0.87180342	0.82918857	0.87164324	0.87162244	0.82925536	0.87148179	0.82935036	0.82935126	0.82927239	0.82925706	0.82948286	0.87184259	0.8718005	0.82951846	0.82936821	0.8292663	0.87180602	0.82928204	0.8293328	0.82952315	0.82943834	0.82920487	0.82927006	0.82927696	0.82925589	0.82920872	0.82932188	0.82940418	0.82952409	0.82952355	0.78705066	0.82922837	0.78687935	0.82933502	0.82953884	0.82930603	0.82924145	0.82936181	0.82940211	0.82932209	0.78694543	0.82939796	0.82940703	0.82950659	0.82955084	0.78695966	0.82949407	0.82925595	0.78695794	0.78688179	0.786904	0.82953272	0.78711286	0.78713611	0.78701727	0.78723739	0.78689161	0.78703212	0.82934014	0.78707597	0.78717742	0.78727766	0.78715371	0.78699652	0.74496936	0.78711134	0.74475153	0.74483034	0.74486404	0.78716835	0.78720506	0.74467488	0.74492034	0.74475442	0.78713398	0.78703297	0.78688548	0.78719106	0.74476332	0.78717505	0.74461214	0.78720558	0.78695087	0.74489362	0.744657	0.78708651	0.78707946	0.7446821	0.74471487	0.74456687	0.74468843	0.78726957	0.78716758	0.74460212	0.74460263	0.74458809	0.74456483	0.74482753	0.74492164	0.74458787	0.74497512	0.74469729	0.74479526	0.74470244	0.067926396	0.067965305	0.067877304	0.068042985	-1.1587459	-1.1584409	-1.158649	-1.1584365	-1.1585971	-1.1584727	-1.1585004	-1.1588035	-1.1585074	-1.1587691	-1.1585445	-1.158828	-1.1585859	-1.1587656	-1.1586224	-1.1585927	-1.1584695	-1.1586035	-1.1586591	-1.1584675	-1.1585762	-1.1586592	-1.1587976	-1.1587828	-1.1585411	-1.1587608	-1.1585674	-1.1585121	-1.1585556	-1.1584246	-1.1585654	-1.1585845	-1.1586224	-1.1585345	-1.1588286	-1.1585447	-1.1586165	-1.1585852	-1.1587339	-1.1584197	-1.1584665	-1.1585465	-1.1584987	-1.1584361	-1.158527	-1.1586928	-1.1584374	-1.1587061	-1.1585055	-1.1584921	-1.1586183	-1.1585796	-1.1587501	-1.158737	-1.1584608	-1.1586385	-1.158421	-1.1584899	-1.1585716	-1.1587936	-1.1587256	-1.1584641	-1.1586087	-1.158711	-1.1587716	-1.1585857	-1.1587436	-1.158767	-1.1584925	-1.1584269	-1.1585875	-1.1586087	-1.1587964	-1.1585401	-1.1586962	-1.1586839	-1.1585216
1	-2.0864464	-2.0867978	-2.0866124	-2.086381	-2.0866347	-2.0866094	-2.0863573	-2.0863115	-2.0863536	-2.086614	-2.0866967	-2.0867639	-2.0868071	-2.0867284	-2.0868074	-2.0866522	-2.0866264	-2.0865221	-2.0865289	-2.0866844	-2.0866787	-2.0863341	-2.0863881	-2.0866626	-2.0864717	-2.0866942	-2.0867811	-2.0866673	-2.086297	-2.0867122	-2.0867565	-2.0865884	-2.0863629	-2.0865357	-2.0863927	-2.0868172	-2.0864546	-2.0867987	-2.0863026	-2.0866141	-2.0865168	-2.0865913	-2.0867891	-2.0866054	-2.0866749	-2.0867483	-2.0866121	-2.0865059	-2.0866455	-2.086691	1.0368538	1.0367977	1.0915476	1.1464856	1.1462315	1.1464103	1.091623	1.0365354	1.0367797	0.98219436	0.92713611	0.87219398	0.81763017	0.76276506	0.70777628	0.70815505	0.70776869	0.65328703	0.65333777	0.59817053	0.59818118	0.59845507	0.59826089	0.59860011	0.54342289	0.54382965	0.48861522	0.54333804	0.54357058	0.54368336	0.54348538	0.48866167	0.5435343	0.54341019	0.54355287	0.54348121	0.54341561	0.54359654	0.54385435	0.54357825	0.54375492	0.54338959	0.54332619	0.54384306	0.54358293	0.54381565	0.54342805	0.54383825	0.54354341	0.59850234	0.54336004	0.54351794	0.59855861	0.48871666	0.54357001	0.54379889	0.54342043	0.54340035	0.5435756	0.5435917	0.54335993	0.54366629	0.54381759	0.48886019	0.54352549	0.54366836	0.54344646	0.54361388	0.54332746	0.54343317	0.54341097	0.48858753	0.48902527	0.48859223	0.54359958	0.54343301	0.54366651	0.54383025	0.48880313	0.48901103	0.48872833	0.54381843	0.48873606	0.48887455	0.48898636	0.54333178	0.54346496	0.48904617	0.48893148	0.48855324	0.48872653	0.48896706	0.48868941	0.48884147	0.48862981	0.48880757	0.48903427	0.48860965	0.48856017	0.48855091	0.48893384	0.48876071	0.48895061	0.48865334	0.48890439	0.48877682	0.4886901	0.48900283	0.48869921	0.43418895	0.43400235	0.43389333	0.4339777	0.43408979	0.4337902	0.43406805	0.43386438	0.43413069	0.43382791	0.43407084	0.43421736	0.43423332	0.43410677	0.43399223	0.43374377	0.43388409	0.37929163	0.43396493	0.43386947	0.37914308	0.43425187	0.43387963	0.43410726	0.43385493	0.43397648	0.43390001	0.43413323	0.37904423	0.37910777	0.43391458	0.3792079	0.43396636	0.43403828	0.37937564	0.3790458	0.37917519	0.37894953	0.37895682	0.43385635	0.43423044	0.43424331	0.37923445	0.37898688	0.37940051	0.37916133	0.37948009	0.3794411	0.37906682	0.37916952	0.37901113	0.32442565	0.37923332	0.37896856	0.37936454	0.37932796	0.37903842	0.37930895	0.43403397	0.37945082	0.3789665	0.3794107	0.32430429	0.37924868	0.37933358	0.37928814	0.37943238	0.37924884	0.3789516	0.37897923	0.32465242	0.32435808	0.32441878	0.37897045	0.32461097	0.32452929	0.32418418	0.37942125	0.37942114	0.37905812	0.32414526	0.37947143	0.3790371	0.37905732	0.37900245	0.32432226	0.32464575	0.32440945	0.32424906	0.32447728	0.32444027	0.32431445	0.32418375	0.32460826	0.32436151	0.37898758	0.32434803	0.32425654	0.32421254	0.3245732	0.32415182	0.32463622	0.37941659	0.32440953	0.37909157	0.32459038	0.32458849	0.32428549	0.3242377	0.32437494	0.32427722	0.32439087	0.32416963	0.32449313	0.32429537	0.32423967	0.32430681	0.37927477	0.37937665	0.32436835	0.32464088	0.32464347	0.32460032	0.32435968	0.32448059	0.32442048	0.26975299	0.32467209	0.32450604	0.32432489	0.3241488	0.32435409	0.32444945	0.32433288	0.05064833	0.050474741	0.050311535	-2.0863709	-2.0863571	-2.0866777	-2.0865476	-2.0867594
1	-1.1703941	-1.1704662	-1.1704854	-1.1706323	-1.1704207	-1.1703077	-1.1704923	-1.1705185	-1.170366	-1.170466	-1.1706943	-1.1705679	-1.170628	-1.1703122	-1.1706493	-1.1706442	-1.1704623	-1.1706927	-1.1705491	-1.1703387	-1.1704141	-1.1703204	-1.1705252	-1.1704513	-1.1706521	-1.1707	-1.1704781	-1.1705334	-1.1703031	-1.1703191	-1.1703713	-1.1706426	-1.1704342	-1.1706641	-1.1706081	-1.1707125	-1.1704914	-1.170506	-1.1705198	-1.1704774	-1.1703769	-1.1704808	-1.1707148	-1.1703916	-1.1706975	-1.1703763	-1.1706325	-1.1703406	-1.1703078	-1.1705138	1.2880602	1.2880609	1.2880972	1.3304097	1.3303779	1.3305396	1.2878305	1.2879435	1.1606939	1.1183398	1.1182035	1.0761101	1.076192	1.033451	1.0334835	0.99119866	0.99136033	0.99107676	0.9490438	0.94865355	0.948798	0.94905004	0.94871145	0.94866191	0.90667587	0.90638426	0.90651286	0.90646782	0.90661188	0.90652017	0.9063599	0.90655848	0.86417544	0.90656994	0.90660969	0.86401494	0.90643445	0.90655404	0.90648575	0.8639349	0.86424153	0.86400194	0.86404621	0.86398722	0.86391436	0.8639194	0.90645461	0.86390137	0.86394591	0.86387476	0.82177923	0.82162878	0.82189161	0.82189132	0.82159987	0.86418451	0.8641258	0.86418672	0.86391194	0.86387685	0.86405952	0.86407787	0.86414204	0.86404559	0.86400223	0.86418536	0.86418883	0.86389948	0.86419968	0.82160795	0.82154131	0.82173705	0.82186972	0.86405767	0.86419394	0.86403746	0.86429142	0.86394647	0.86427616	0.8218453	0.82182714	0.82178783	0.82184964	0.82163621	0.82153352	0.82169324	0.82185827	0.82163963	0.82173053	0.82188803	0.82153791	0.82160181	0.82174616	0.82175912	0.82151869	0.82151094	0.8215713	0.82169747	0.82158031	0.82165455	0.8215965	0.82154583	0.82172678	0.82156465	0.82188903	0.82169031	0.82154643	0.8215093	0.82169987	0.77950767	0.77937949	0.77910874	0.77916132	0.77910546	0.77922865	0.77920752	0.77946822	0.77934563	0.82162742	0.77928197	0.77942459	0.77934353	0.77942744	0.77942974	0.7792429	0.73690043	0.73690146	0.82172039	0.82157047	0.77911004	0.77937317	0.77950667	0.77943458	0.77926703	0.77937262	0.77914395	0.77921464	0.77940688	0.77915733	0.77936255	0.77947036	0.77924	0.7791668	0.77944938	0.77924492	0.77917953	0.73698195	0.73680574	0.73688969	0.73677774	0.69469909	0.73673196	0.73707029	0.7367926	0.73689586	0.73693909	0.73705453	0.73673946	0.73711626	0.73680159	0.73700261	0.73703448	0.73713017	0.73701656	0.73713127	0.73674309	0.73699335	0.73677897	0.73697938	0.73677691	0.73700001	0.73688043	-0.19538973	-0.19544855	-0.19551492	-0.19577057	-1.1703774	-1.1703662	-1.1704694	-1.1707069	-1.1707128	-1.1707203	-1.1706469	-1.1705152	-1.1705188	-1.1705655	-1.1706976	-1.1704624	-1.1703026	-1.1703665	-1.1705133	-1.1703826	-1.170478	-1.1704483	-1.1705541	-1.1704195	-1.1706825	-1.1704141	-1.170329	-1.1704175	-1.1704723	-1.1707075	-1.1703887	-1.1705336	-1.1705585	-1.1704949	-1.1704101	-1.1704361	-1.1705327	-1.1705401	-1.1703938	-1.1705175	-1.1706448	-1.1705925	-1.1704578	-1.170706	-1.1706347	-1.170659	-1.1704055	-1.1703759	-1.1707186	-1.1706376	-1.1703237	-1.1704708	-1.1705009	-1.1705597	-1.1705602	-1.170632	-1.170512	-1.1703987	-1.1704659	-1.1705185	-1.1705991	-1.1702999	-1.1704064	-1.1706925	-1.1703568	-1.1705667	-1.1703049	-1.1705804	-1.1703598	-1.1706864	-1.1704547	-1.1705339	-1.1706625	-1.1703826	-1.1704637	-1.1705847	-1.1706313	-1.1704272	-1.1704343
1	-1.9327622	-1.9329139	-1.9324865	-1.9328981	-1.9324885	-1.9327239	-1.9328	-1.9328456	-1.9328372	-1.9325593	-1.9326518	-1.932606	-1.9328212	-1.9329324	-1.9325542	-1.9328407	-1.9325065	-1.9326424	-1.93271	-1.9328073	-1.9324906	-1.9325824	-1.9324792	-1.9327816	-1.932781	-1.9325435	-1.9325084	-1.9327242	-1.9327263	-1.9325968	-1.9328773	-1.9328787	-1.9327579	-1.9325894	-1.9327361	-1.9324498	-1.932621	-1.932453	-1.9325147	-1.9327791	-1.9325707	-1.9325483	-1.9326521	-1.9326986	-1.932574	-1.932628	-1.9324714	-1.9328261	-1.9324775	-1.9325753	1.2050309	1.0484022	1.1006701	1.1525279	1.1528655	1.1528624	1.1003665	1.1006975	1.0481072	0.99601913	0.89106645	0.89133443	0.7869407	0.78658168	0.78652427	0.68188702	0.73464358	0.73444165	0.68233906	0.68220057	0.62961172	0.62961912	0.63003808	0.57748652	0.6300425	0.62975035	0.57745715	0.57773979	0.57772663	0.57765352	0.57731711	0.5252886	0.52537752	0.52499669	0.52533132	0.52501785	0.57762477	0.57740338	0.57766745	0.57731765	0.57725416	0.57726285	0.57761596	0.57744981	0.62969799	0.57726739	0.57765701	0.57743431	0.57751813	0.57743661	0.57760193	0.57744989	0.57726333	0.5772405	0.52534231	0.5252868	0.57773584	0.57734848	0.57762926	0.57746678	0.52539823	0.57754806	0.57730928	0.57771486	0.57771059	0.57731461	0.57764897	0.57775045	0.57745508	0.57748959	0.57753402	0.5253834	0.52534531	0.52538183	0.52526032	0.52538498	0.52533596	0.52520588	0.57773474	0.57745581	0.57765182	0.57726396	0.5250662	0.57749378	0.57735936	0.57736843	0.52541684	0.52508705	0.52519246	0.52516442	0.5252228	0.52498908	0.52531801	0.52522222	0.52532282	0.52517014	0.52537245	0.52512061	0.47289818	0.52500178	0.52495702	0.52508152	0.52515324	0.47300599	0.47291067	0.47265091	0.47285187	0.52539696	0.47294282	0.52508622	0.47291778	0.52519625	0.52512437	0.52494881	0.52542352	0.52506349	0.52501161	0.52519058	0.52522038	0.47297102	0.47285444	0.47302051	0.52503977	0.52545145	0.47268457	0.47299657	0.47280391	0.47304401	0.47291987	0.47286378	0.4727561	0.47292605	0.47288977	0.47294942	0.42065422	0.47281055	0.42057756	0.47304433	0.47301135	0.42057775	0.47314092	0.47285838	0.47312528	0.47302807	0.4208018	0.42061104	0.47302206	0.42036598	0.42054568	0.42052973	0.47271201	0.42042931	0.42080154	0.42038293	0.42063861	0.42060923	0.36822322	0.42070362	0.42069945	0.42074628	0.42055334	0.36825119	0.42077654	0.42070052	0.42085774	0.42051754	0.4207244	0.42052694	0.42050091	0.42084238	0.36839316	0.42073942	0.36821561	0.36815245	0.42061361	0.42083602	0.36816537	0.36829174	0.42066231	0.42080946	0.42073872	0.42062524	0.42053415	0.42076119	0.42067623	0.42063107	0.36825478	0.42068178	0.36831557	0.36832447	0.36836214	0.3682242	0.3682482	0.36849826	0.36822681	0.36848474	0.3685174	0.36845463	0.42074585	0.36807675	0.42082927	0.42078143	0.36825686	0.36836566	0.3682667	0.36825028	0.36848048	0.36806424	0.36851633	0.36819253	0.36851056	0.3680552	0.36812976	0.36835617	0.36823929	0.3681454	0.36813988	0.36819537	0.3681288	0.36854676	0.3684868	0.36830262	0.3684049	0.3681617	0.42038672	0.36838366	0.36842689	0.36848433	0.3681756	0.36805568	0.31610698	0.3682262	0.36851204	0.31613827	0.36835827	0.3684727	0.3158062	-1.1484874	-1.1480633	-1.1483879	-1.9325161	-1.9328867	-1.9326987	-1.9325033	-1.9325312	-1.9325773	-1.9328599	-1.9326873	-1.9326853	-1.93273	-1.9329149
1	-1.1538448	-1.1540144	-1.1540585	-1.1538724	-1.1540519	-1.1538642	-1.153768	-1.1539928	-1.1541064	-1.1541259	-1.1540347	-1.1537691	-1.1537946	-1.1540671	-1.1539641	-1.1540198	-1.1539968	-1.1537569	-1.1539451	-1.1537862	-1.15382	-1.1539336	-1.1538205	-1.1538343	-1.1540641	-1.1538899	-1.1540095	-1.1538667	-1.1539429	-1.1540213	-1.1537139	-1.1539404	-1.1540535	-1.1538077	-1.1537316	-1.1537433	-1.1538588	-1.154005	-1.1538867	-1.1540212	-1.1539436	-1.1541034	-1.1540427	-1.1539294	-1.1540701	-1.1537994	-1.1539404	-1.1538496	-1.1537397	-1.1539428	1.2595316	1.2594523	1.2596945	1.3441825	1.3440538	1.3440617	1.3442819	1.3441442	1.2174148	1.2171427	1.1327188	1.0902507	1.0901418	1.0478201	1.0478414	1.0902675	1.0056784	1.0053249	1.0054502	1.0057024	1.0056684	0.96321619	0.96329796	0.96316308	0.96324154	0.96326822	0.96303534	0.92094593	0.92072492	0.92066631	0.92085735	0.92095251	0.92082085	0.92070702	0.92104555	0.87863729	0.92076081	0.87840211	0.92089666	0.92077235	0.92068522	0.92093421	0.92077294	0.87863267	0.87843114	0.87859046	0.87869877	0.87835464	0.87835793	0.87838944	0.87837776	0.8783715	0.87866649	0.83636453	0.83622806	0.87851538	0.87846405	0.83623961	0.83606179	0.83631099	0.83620099	0.83617135	0.83619297	0.83596369	0.83597813	0.79402018	0.79375505	0.79367207	0.83634724	0.83626496	0.83621105	0.83626834	0.83632599	0.83606209	0.83631848	0.83603629	0.83630519	0.83622547	0.83606667	0.79393545	0.79361142	0.79393786	0.79382265	0.83608431	0.83616556	0.79386285	0.79388737	0.79364583	0.83627027	0.79394562	0.79370637	0.79376528	0.83602211	0.83626937	0.79369803	0.7940149	0.83612515	0.79384358	0.79364148	0.79371053	0.79401323	0.79379648	0.83600219	0.8360731	0.83620798	0.79365511	0.79393788	0.79362107	0.79377589	0.793969	0.79370936	0.79362304	0.79369468	0.79388432	0.79388864	0.79373722	0.79367722	0.79377616	0.75156927	0.79380773	0.75155231	0.75148991	0.79366344	0.79402478	0.79375152	0.79375505	0.79399404	0.79398725	0.79391803	0.79395277	0.79401796	0.75163073	0.79391996	0.75147441	0.75138813	0.79398664	0.79377935	0.75158188	0.79364863	0.75148583	0.75138428	0.75156728	0.75133024	0.75148426	0.75132229	0.7516012	0.75145643	0.75166811	0.75137216	0.75156152	0.75128069	0.75144352	0.75160717	0.75141318	0.75144408	0.75165096	0.75138437	0.75131422	0.75161865	0.7516696	0.75134792	0.75156106	0.75130898	0.7514721	0.75137458	0.70909244	0.62438904	0.62454463	0.62437761	0.62432239	0.62440333	0.62432188	0.62425356	-1.1540191	-1.1541102	-1.1539811	-1.1538559	-1.1540132	-1.1540113	-1.1541121	-1.1538341	-1.1540306	-1.1537711	-1.1539205	-1.1539184	-1.1540471	-1.1539233	-1.153851	-1.1539236	-1.1541196	-1.1539369	-1.1540441	-1.1540635	-1.1540976	-1.1539264	-1.1538241	-1.1537659	-1.1539525	-1.1539725	-1.1539175	-1.1541159	-1.1538477	-1.1538361	-1.1540903	-1.1537163	-1.153909	-1.1537907	-1.1538636	-1.1540025	-1.1537729	-1.1541086	-1.1537902	-1.1539389	-1.1538242	-1.1540773	-1.1538845	-1.1540284	-1.1541023	-1.1539966	-1.1538551	-1.1538377	-1.1540584	-1.1537963	-1.153996	-1.1539272	-1.1540664	-1.1538821	-1.1539858	-1.1540244	-1.1541147	-1.1539896	-1.1538547	-1.1540276	-1.1537614	-1.1540496	-1.1539466	-1.1540277	-1.1539948	-1.1538697	-1.1541248	-1.1539009	-1.1537919	-1.1538415	-1.1538629	-1.1537163	-1.1538931	-1.1541229	-1.1538635	-1.1539891	-1.1539475	-1.1538831
1	-1.1166772	-1.1165929	-1.1166446	-1.1165188	-1.1163453	-1.1167042	-1.1162982	-1.1163534	-1.1166967	-1.1167046	-1.1164561	-1.1164444	-1.1166861	-1.1166998	-1.1163749	-1.1165598	-1.1164645	-1.1165176	-1.1163798	-1.1164086	-1.1164701	-1.1166876	-1.116477	-1.1166728	-1.1162927	-1.116581	-1.1165557	-1.1164514	-1.116391	-1.1165107	-1.1163023	-1.1165859	-1.1163241	-1.1164634	-1.116513	-1.1164367	-1.1164673	-1.1163964	-1.1165985	-1.1165981	-1.1166884	-1.1165154	-1.1163861	-1.1166896	-1.1163224	-1.1163746	-1.1165172	-1.1166939	-1.1163411	-1.116393	1.3249812	1.3249873	1.3248778	1.3248202	1.4090846	1.4092005	1.3668294	1.2826405	1.198454	1.1987567	1.1563728	1.1564885	1.1142084	1.1144938	1.0721474	1.072279	1.0300529	1.0301428	0.98794224	0.98811596	0.98795555	0.98815228	0.90381186	0.90385772	0.94593931	0.94623557	0.90415809	0.9040616	0.90397065	0.90388117	0.9039465	0.94610722	0.90377278	0.94620048	0.94600764	0.90384414	0.90403294	0.9040035	0.90400715	0.90402629	0.94611899	0.90391731	0.94617175	0.90403235	0.90381356	0.90394692	0.90393564	0.90416012	0.90392319	0.86180772	0.9038608	0.90408634	0.9040721	0.90384265	0.90396814	0.90379379	0.90376253	0.86171275	0.86169754	0.90392121	0.90406502	0.86195901	0.86203365	0.90399348	0.90408703	0.86192185	0.86197847	0.90407689	0.90381032	0.9040401	0.90414364	0.90397475	0.90374583	0.86189908	0.86198565	0.86205705	0.86191728	0.86184586	0.86184301	0.86194693	0.86188166	0.86187143	0.86185691	0.86179992	0.8619329	0.86191152	0.86166317	0.86198537	0.8197246	0.86202575	0.86173884	0.86195172	0.81958867	0.81960787	0.81997564	0.81992264	0.86198114	0.86190162	0.81966159	0.86197518	0.86177718	0.86183827	0.81978756	0.81960128	0.81980168	0.86175283	0.8619418	0.86177078	0.86171127	0.81967252	0.81985934	0.81956318	0.81964617	0.81990622	0.81991552	0.81957265	0.81982921	0.77780373	0.77770504	0.81970973	0.81966319	0.77764625	0.81978154	0.81966775	0.8196967	0.81980469	0.81973556	0.77752938	0.77750675	0.77786549	0.77782607	0.77788045	0.77779171	0.81973098	0.7778718	0.77746647	0.77785171	0.77776638	0.77748109	0.77771144	0.77760519	0.77772061	0.7777771	0.81975164	0.81996996	0.77758471	0.77778384	0.77769623	0.7777553	0.77778372	0.77760042	0.77755385	0.7778454	0.77785048	0.77768928	0.7775127	0.77767942	0.77748406	0.77783462	0.77754483	0.77765124	0.77760078	0.77764637	0.77755626	0.77767428	0.77751033	0.73555165	-0.52709647	-0.52710317	-1.1166778	-1.1166866	-1.1166158	-1.1166936	-1.1166712	-1.1165316	-1.1165514	-1.1164854	-1.1165279	-1.1162888	-1.1163991	-1.1164719	-1.1164917	-1.1165318	-1.1164877	-1.1164248	-1.1164243	-1.1163041	-1.1164943	-1.1166366	-1.1165847	-1.1166788	-1.1166686	-1.1166917	-1.1163078	-1.1163288	-1.1163839	-1.1163772	-1.1166101	-1.1166749	-1.1166032	-1.116444	-1.1164652	-1.1164415	-1.1165954	-1.1166841	-1.1165916	-1.1166077	-1.1166004	-1.1163109	-1.1164932	-1.1166572	-1.1166887	-1.1163512	-1.1166593	-1.1163303	-1.1166142	-1.1165611	-1.1166288	-1.1163239	-1.1166781	-1.1163242	-1.1166342	-1.1164731	-1.1166278	-1.1165131	-1.1166798	-1.1163033	-1.1166969	-1.1165075	-1.116678	-1.1163878	-1.1163874	-1.1164778	-1.1165265	-1.1163536	-1.1166697	-1.1166325	-1.1166548	-1.1164833	-1.1163826	-1.116517	-1.1166441	-1.1162886	-1.1165991	-1.1165478	-1.1163265	-1.1165033	-1.1164425	-1.1164737	-1.1165152	-1.1166239
1	-1.2334958	-1.2335435	-1.233353	-1.2335019	-1.233158	-1.2334518	-1.2333572	-1.23335	-1.2332839	-1.2331985	-1.2331957	-1.2333067	-1.2331794	-1.2334571	-1.2332935	-1.2333874	-1.2334014	-1.2333108	-1.2334486	-1.2335296	-1.2333342	-1.2332037	-1.2332709	-1.233371	-1.2332092	-1.2333238	-1.2335679	-1.2334712	-1.2332617	-1.2334646	-1.2333429	-1.2335222	-1.2335773	-1.2332349	-1.2334667	-1.2335823	-1.2335196	-1.2332323	-1.2335222	-1.2335579	-1.2335613	-1.2335586	-1.233311	-1.2331633	-1.2331528	-1.2333448	-1.2331642	-1.2333849	-1.2332517	-1.2332032	1.1913702	1.2781322	1.3212391	1.3210989	1.321405	1.3210862	1.3213558	1.3212225	1.1048585	1.1047057	1.0614991	1.0614397	1.018014	1.0182121	0.97474101	0.9748264	0.97477802	0.97478653	0.93157689	0.93144539	0.93136121	0.88836566	0.88846505	0.88829161	0.88825599	0.88848721	0.88806643	0.88832192	0.88822709	0.88833382	0.845112	0.88816198	0.88818156	0.88823381	0.84508351	0.84492402	0.84516156	0.84503603	0.84482257	0.84481136	0.84512712	0.88816605	0.88831317	0.80187959	0.80160717	0.80165857	0.80149856	0.84490234	0.8451782	0.80146895	0.84490844	0.80174607	0.80188291	0.80154142	0.80170437	0.84486258	0.80173537	0.80155581	0.80159857	0.80166248	0.84497977	0.84501737	0.8448202	0.84512756	0.84498914	0.80159199	0.80170616	0.75853128	0.75853027	0.75837277	0.75844074	0.75832484	0.80169503	0.80184694	0.80165254	0.80159856	0.75841654	0.80162857	0.80158286	0.8018823	0.80178346	0.80171495	0.75822248	0.75816019	0.75827357	0.75851661	0.75850534	0.7585207	0.80166656	0.80154804	0.80175613	0.80163369	0.80157808	0.75852911	0.80160417	0.75832973	0.75839423	0.80162815	0.80165392	0.80170597	0.8015521	0.75850047	0.75820946	0.75817363	0.75834347	0.75826815	0.75853641	0.75821915	0.75837479	0.71521895	0.71494241	0.71525259	0.75830488	0.71523202	0.71513059	0.71487127	0.75818389	0.71514463	0.71512625	0.71520775	0.71527459	0.71511832	0.75834528	0.75852174	0.75821382	0.75849288	0.71527102	0.71488898	0.71489904	0.71486407	0.7582619	0.75848225	0.71524323	0.71519901	0.71516466	0.71492929	0.71519205	0.71520391	0.71498691	0.71525582	0.71489578	0.71501567	0.67187524	0.71515982	0.71494551	0.67172437	0.71528359	0.71488235	0.71520685	0.71511777	0.71513268	0.71526232	0.67188845	0.67195817	0.67156543	0.71515306	0.71528014	0.6718019	0.67182935	0.71489655	0.7149265	0.67157105	0.67198295	0.67178669	0.67158649	0.67157608	0.671619	0.6719864	0.62850815	0.6283397	0.62869057	0.67187306	0.67186712	0.67175832	0.67166189	0.67192376	0.67157613	0.67172826	0.67172935	0.67168655	0.67186828	0.022140187	0.022217547	-1.233547	-1.2331546	-1.23332	-1.2332966	-1.2333365	-1.2333061	-1.2332175	-1.2334474	-1.2332879	-1.2334852	-1.233284	-1.2335687	-1.2332917	-1.233321	-1.2334076	-1.2332352	-1.2334692	-1.2333404	-1.2334214	-1.2333753	-1.2332564	-1.2335773	-1.2332108	-1.2332185	-1.2331969	-1.2332461	-1.2334158	-1.233363	-1.2334865	-1.2333155	-1.2335676	-1.2335755	-1.2332969	-1.2333415	-1.2332919	-1.2335094	-1.2335418	-1.2331692	-1.2331886	-1.2333696	-1.2334599	-1.2331594	-1.2334759	-1.2335496	-1.2333347	-1.2332925	-1.2335768	-1.233531	-1.2333466	-1.2334372	-1.2333204	-1.2334273	-1.2332537	-1.2333382	-1.2331693	-1.2333149	-1.2333233	-1.233453	-1.2331979	-1.2331744	-1.2335292	-1.2333371	-1.2332663	-1.2332105	-1.2333442	-1.2335526	-1.2335537	-1.2335189
2	-1.8406237	-1.8407389	-1.8407328	-1.8407461	-1.8406844	-1.8406154	-1.8406168	-1.8407311	-1.8407722	-1.8406486	-1.8407477	-1.8405692	-1.840489	-1.8405433	-1.8405131	-1.8404563	-1.8406532	-1.8406845	-1.8405537	-1.840673	-1.840778	-1.8406589	-1.8405016	-1.8404909	-1.8405744	-1.8407472	-1.8405916	-1.8406519	-1.8406636	-1.8405309	-1.8406092	-1.8405161	-1.8406201	-1.8406688	-1.8406748	-1.8406382	-1.8406798	-1.8405631	-1.8404728	-1.8405719	-1.8406331	-1.8406034	-1.8406628	-1.840553	-1.8404614	-1.8405742	-1.8406797	-1.8406632	-1.8405813	-1.8406587	0.95254035	0.91877702	0.9189439	0.95256048	0.91876099	0.91896178	0.81786197	0.78425193	0.78431932	0.75072516	0.7504814	0.71691632	0.71700219	0.71684768	0.71693931	0.71707538	0.71712653	0.68325086	0.64978095	0.64979243	0.683415	0.68321271	0.64983799	0.64953743	0.68349398	0.68320566	0.64956363	0.6495525	0.64967483	0.64969046	0.64953816	0.64964672	0.61597899	0.61608594	0.61611388	0.64955541	0.61602507	0.5824863	0.61588765	0.61592643	0.6161965	0.61600638	0.61613347	0.61618701	0.61617309	0.61619359	0.61598462	0.61602789	0.58230509	0.58233587	0.58248682	0.58223747	0.54872841	0.54873964	0.54868292	0.5824643	0.58221352	0.58243805	0.58235786	0.54886936	0.58230529	0.58240995	0.54889023	0.58245494	0.58252889	0.54857948	0.58241169	0.54881706	0.54863489	0.54861011	0.54863915	0.54857032	0.54860708	0.54869086	0.54882551	0.54875179	0.51510405	0.51516397	0.54871594	0.51494569	0.54888988	0.51497232	0.51516228	0.51494338	0.51501371	0.51509491	0.51521469	0.54856629	0.54877224	0.51519042	0.51518348	0.5151449	0.54881162	0.54878675	0.54886959	0.51498298	0.51511377	0.51491311	0.51502838	0.54879839	0.54883449	0.51520188	0.51503325	0.51511014	0.51507342	0.4814963	0.5150581	0.51510571	0.51508674	0.51496399	0.51520979	0.51494694	0.51520908	0.51495854	0.51506301	0.51500597	0.51515724	0.51521176	0.48136009	0.48144801	0.51520113	0.51496092	0.51523541	0.48157869	0.48152245	0.48147555	0.48141918	0.48152237	0.48133461	0.44782058	0.44781356	0.48135801	0.48128656	0.48154635	0.48147531	0.48154003	0.48152866	0.48157463	0.44789195	0.48130215	0.51498822	0.48125685	0.51512722	0.51517588	0.5149982	0.48130408	0.51512303	0.48153272	0.48155214	0.48142948	0.48153174	0.48144512	0.48146069	0.48128276	0.48155235	0.48132455	0.48139788	0.44792335	0.51510449	0.51499193	0.48139323	0.48132175	0.48151141	0.44774933	0.4479229	0.44763231	0.44774088	0.48128467	0.48156474	0.48134543	0.44775862	0.44770597	0.48138843	0.48144781	0.48127628	0.48134742	0.44780101	0.48156826	0.44780456	0.44792381	0.44763383	0.44760978	0.48140582	0.48148868	0.44766127	0.44780571	0.48154805	0.48134721	0.48129512	0.44788562	0.44782785	0.48125286	0.48138068	0.4812748	0.44762883	0.4477649	0.44767725	0.44774117	0.48155543	0.44783751	0.44763892	0.44767082	0.44767678	0.44762709	0.48126249	0.48143856	0.48146971	0.48129782	0.4476547	0.44768519	0.44770018	0.44784593	0.44788342	0.44777157	0.44791819	0.44790637	0.48151772	0.48148506	0.44778129	0.44771057	0.44781363	0.44789074	0.44782728	0.44767828	0.44787731	0.44776662	0.41405883	0.41405787	0.44791633	0.44771387	0.4476995	0.44790023	0.44778188	-1.8407674	-1.8406434	-1.8404483	-1.8407624	-1.8406709	-1.8404657	-1.84059	-1.8405794	-1.8405289	-1.8406795	-1.8405257	-1.8406695	-1.8405136	-1.8405804	-1.8404658	-1.8406169	-1.8405953	-1.8405068
2	-2.2260611	-2.2259822	-2.2260277	-2.2259979	-2.2260612	-2.226048	-2.22619	-2.2262312	-2.2261312	-2.2261696	-2.2260271	-2.2260954	-2.2263248	-2.2263184	-2.2259959	-2.226199	-2.2260516	-2.2259903	-2.226323	-2.2261261	-2.2262646	-2.2260557	-2.226227	-2.2262738	-2.2260044	-2.2262657	-2.2260892	-2.2261315	-2.2259901	-2.2262118	-2.2262312	-2.2259695	-2.2261653	-2.2260314	-2.226074	-2.2262474	-2.2260223	-2.2260082	-2.2260081	-2.2261977	-2.2262875	-2.2262408	-2.2259626	-2.2260334	-2.2261648	-2.2262614	-2.2262673	-2.2260783	-2.2260818	-2.2262539	0.8705348	0.83360769	0.83362282	0.83335736	0.83361733	0.79657862	0.79659316	0.79681258	0.79650582	0.72308033	0.72297303	0.72278638	0.72298475	0.64929638	0.57535364	0.57564576	0.57559684	0.57545445	0.57565271	0.53864649	0.57557495	0.57563017	0.57552379	0.57561291	0.57547525	0.57539412	0.5385348	0.57546264	0.57529969	0.57541116	0.575431	0.53865124	0.53851157	0.53852321	0.53852395	0.53862443	0.57542901	0.57557058	0.57550698	0.57541224	0.5387124	0.53879752	0.53872457	0.50168277	0.5017796	0.5018818	0.50157274	0.50193502	0.50190497	0.50161532	0.5017562	0.53868685	0.53875819	0.5387988	0.46482764	0.50170897	0.50159795	0.50184411	0.46490002	0.4650665	0.4647608	0.46491341	0.46501663	0.46500683	0.46491732	0.46475134	0.4650669	0.46499725	0.46482485	0.46507539	0.46476956	0.46503076	0.42801891	0.4280114	0.46475335	0.46484372	0.46496589	0.46491398	0.46479975	0.46491992	0.464929	0.46485563	0.46500245	0.4650292	0.42805434	0.46485154	0.46493817	0.4650182	0.42798198	0.46506254	0.46490331	0.46492347	0.46472464	0.42804334	0.42788822	0.4279162	0.4279276	0.42820786	0.42814679	0.42795183	0.42811878	0.42785915	0.42795758	0.42799919	0.42807303	0.42790083	0.42790307	0.42798065	0.42800613	0.42797013	0.42809784	0.42798113	0.4281878	0.42817772	0.42792649	0.3912809	0.3911115	0.39118193	0.39130968	0.39122273	0.39118131	0.39131477	0.39118167	0.39111036	0.39098839	0.35424062	0.35413716	0.39126731	0.39113068	0.39128792	0.39125211	0.39120816	0.39115553	0.39130493	0.39130919	0.39103462	0.3911076	0.39134347	0.39105012	0.39121365	0.39113652	0.39102512	0.39129609	0.39101526	0.39113396	0.39108762	0.39106689	0.39132005	0.39124547	0.39102689	0.35424273	0.35442096	0.35424538	0.39098768	0.39113144	0.39123798	0.39099561	0.39101156	0.39117945	0.35437269	0.35436619	0.39107236	0.39106778	0.39128992	0.39111033	0.39130272	0.39103361	0.39108176	0.39099003	0.39129377	0.39114184	0.39134961	0.39131316	0.39113312	0.39125858	0.39132368	0.39131802	0.39132369	0.39125855	0.39122861	0.39112618	0.39103056	0.3911256	0.39112059	0.35417502	0.39104962	0.3541621	0.35439924	0.39122408	0.39120413	0.39106903	0.39109794	0.39114015	0.3911963	0.39125249	0.39109306	0.39100941	0.35422121	0.35447885	0.35424425	0.39100544	0.35444414	0.35428608	0.35412134	0.35438987	0.35422984	0.31741392	0.31745789	0.31737728	0.35446955	0.35426779	0.35427401	0.35415533	0.35424894	0.35414054	0.35423154	0.35439866	0.35439265	0.35433006	0.35414946	0.39129908	0.39126705	0.39121797	0.35440869	0.35427757	0.35443336	0.35434511	0.35445422	0.35416489	0.35430612	0.35424356	0.35418063	0.35413045	0.35427113	0.35415375	0.35415531	0.35428611	0.35432588	0.35432151	0.35427527	0.35433628	0.31749417	0.39098558	0.39116775	0.35437819	0.35421479	0.35433941	0.3542826	0.35422327	0.35433863	0.35439654
2	-2.226883	-2.2268137	-2.2267482	-2.2269623	-2.2268971	-2.2267042	-2.2266479	-2.2267047	-2.2269427	-2.2269727	-2.2268836	-2.226791	-2.2267576	-2.2268096	-2.2267081	-2.2266524	-2.2268884	-2.2268431	-2.2268989	-2.2269952	-2.2268502	-2.2267035	-2.2267941	-2.2269693	-2.2267297	-2.2268564	-2.2268243	-2.2269745	-2.2266636	-2.2268349	-2.226811	-2.2269615	-2.2267492	-2.2269088	-2.2267486	-2.2268824	-2.2269521	-2.2269136	-2.2266751	-2.2266814	-2.2269671	-2.2267541	-2.2267423	-2.2268956	-2.2269442	-2.2267942	-2.2268502	-2.2266903	-2.226724	-2.2268287	0.86043915	0.86032842	0.86017736	0.89721142	0.89716119	0.89722257	0.82364308	0.82364395	0.67656578	0.63990259	0.63989865	0.60294588	0.6029574	0.56632365	0.60313043	0.603043	0.60314062	0.5661802	0.60318864	0.56625462	0.60309789	0.60298429	0.60320465	0.56635079	0.6031617	0.60302574	0.52959336	0.56642227	0.52941615	0.52955646	0.56634236	0.56611894	0.52948772	0.52964068	0.52960006	0.52934872	0.56631053	0.56635562	0.52939261	0.52971162	0.49286788	0.49286404	0.49268033	0.49274817	0.49265518	0.49282	0.49295194	0.49286734	0.4927653	0.49293687	0.49268676	0.45616785	0.45601023	0.4927491	0.49266471	0.49279823	0.45609819	0.49286946	0.45611305	0.45594183	0.49268273	0.49260144	0.49269044	0.45606712	0.4929181	0.49296332	0.45596154	0.45611037	0.45595979	0.45601434	0.4560586	0.45595333	0.45593069	0.41937551	0.4192033	0.41944273	0.45598757	0.45617341	0.45607759	0.45610388	0.45594058	0.41935058	0.4191218	0.45589274	0.4560226	0.41932947	0.45608679	0.45613591	0.45602456	0.45606438	0.41919248	0.45621106	0.41918517	0.41945706	0.41930938	0.41923424	0.41937798	0.41942832	0.41940607	0.4193776	0.41940015	0.41926259	0.41911467	0.41920164	0.41920773	0.41918071	0.45619387	0.41918167	0.41939514	0.41945493	0.38264996	0.41944072	0.41934894	0.38256335	0.38257354	0.41934113	0.41918864	0.41931138	0.4191687	0.41939174	0.38252752	0.41945349	0.41916475	0.45606667	0.45600861	0.41921749	0.38259337	0.38259818	0.38256294	0.45599869	0.38254056	0.3827015	0.38249068	0.38245171	0.38236381	0.3826689	0.38238905	0.41943631	0.41914006	0.41943929	0.38259337	0.38239597	0.38252032	0.38251018	0.38245773	0.38246356	0.41922792	0.41943977	0.41921829	0.41915033	0.38235458	0.38234713	0.38240317	0.38248678	0.38239896	0.38268233	0.38243885	0.38261803	0.38258115	0.38246321	0.4192826	0.38235729	0.38247037	0.38264587	0.38245399	0.38235072	0.38241798	0.38257056	0.38255686	0.38251108	0.38270394	0.38235827	0.38256561	0.38264763	0.38240504	0.38269253	0.41915528	0.41933683	0.38246514	0.38238259	0.38253533	0.38236434	0.38252796	0.38246204	0.38240881	0.38257124	0.41935874	0.38241226	0.38266756	0.38239075	0.38259486	0.38269348	0.38256258	0.38256162	0.38263091	0.3824346	0.38248401	0.38251127	0.38239294	0.34574455	0.34583295	0.38236517	0.38237651	0.38261938	0.38256724	0.38234458	0.38237095	0.38248732	0.34576748	0.38254755	0.3826008	0.38238245	0.38240745	0.38238269	0.38248951	0.38236334	0.34566818	0.38260087	0.34578878	0.38262249	0.38242609	0.38261485	0.38256736	0.38262003	0.38264198	0.38269862	0.34561126	0.38245101	0.3826186	0.38253008	0.38269403	0.34578236	0.38264972	0.3825365	0.3458267	0.34588026	0.38249148	0.34583115	0.34568232	0.34593248	0.34571348	0.34592355	0.34592241	0.34578441	0.34564245	0.34563464	0.34566046	0.38253784	0.34595881	0.38243474	0.38235564
2	-2.2235094	-2.2234697	-2.2235463	-2.2233124	-2.2234299	-2.2232894	-2.2234803	-2.2233406	-2.2234902	-2.2235873	-2.223241	-2.2234213	-2.2234985	-2.2234504	-2.2233905	-2.2234167	-2.2235212	-2.2235695	-2.2233105	-2.2234684	-2.2234881	-2.2235473	-2.2233905	-2.2233577	-2.2232302	-2.2234251	-2.2233189	-2.223577	-2.2235621	-2.2233386	-2.2234039	-2.2232707	-2.2234996	-2.223388	-2.2233339	-2.2234218	-2.2232256	-2.2232849	-2.223228	-2.2233009	-2.2233364	-2.2233054	-2.2234133	-2.2234362	-2.2234085	-2.2235072	-2.2234274	-2.2233352	-2.2235225	-2.2235218	0.96549373	0.96524809	0.96550205	0.96555901	0.96530959	0.96539237	0.96526955	0.78216256	0.70898168	0.74560035	0.70885655	0.6353955	0.63547919	0.67202378	0.63541842	0.63543322	0.59880755	0.59888027	0.59876999	0.59890255	0.56217254	0.56212933	0.56225277	0.59874171	0.56210555	0.5622304	0.5257073	0.5255546	0.52559058	0.5255848	0.52560295	0.52543755	0.5621177	0.56211095	0.56236267	0.56238556	0.56234482	0.52543319	0.52550719	0.52548605	0.56209572	0.56218097	0.52566093	0.48874967	0.48873309	0.4890431	0.48901846	0.48881221	0.4889833	0.52567266	0.48899172	0.48905871	0.48889965	0.48888639	0.48886313	0.48886715	0.48879935	0.48879001	0.48880614	0.48890159	0.4522374	0.45217195	0.45227004	0.4521493	0.45207557	0.45239639	0.4521205	0.45227016	0.45228732	0.45207742	0.45238075	0.4522493	0.48908277	0.48890315	0.45210131	0.41553888	0.41578335	0.41563061	0.45232648	0.45221877	0.45225236	0.41577044	0.45238952	0.4156612	0.41549455	0.41554461	0.4156095	0.41557306	0.41562336	0.41564847	0.41545321	0.41552362	0.45228946	0.45243164	0.45217626	0.45234579	0.4523369	0.41549274	0.37883925	0.4154495	0.41559944	0.41570459	0.37904117	0.37899628	0.37904944	0.37877677	0.41573	0.41550413	0.41575816	0.41552875	0.41546061	0.41558712	0.41574182	0.41575018	0.37908543	0.37898576	0.41561048	0.41563575	0.41575035	0.41573633	0.41571835	0.41559591	0.41545909	0.41543142	0.41548034	0.41552509	0.41559133	0.41573127	0.4156551	0.41563712	0.41552517	0.41550915	0.41562008	0.41571902	0.37877146	0.37883551	0.37884633	0.41565777	0.37910744	0.37904227	0.37892491	0.3790601	0.37877041	0.37887395	0.41565867	0.41570089	0.37899135	0.34241931	0.37894259	0.37908711	0.37877057	0.37907443	0.37883184	0.37904662	0.37908814	0.37901316	0.37903061	0.3787676	0.3788578	0.37900671	0.37909693	0.37893711	0.37911647	0.37894933	0.37906248	0.4155088	0.41563314	0.41544017	0.37881485	0.4154883	0.37908773	0.37894041	0.37877285	0.37888359	0.37883704	0.37897355	0.37885765	0.37877796	0.37904491	0.37899806	0.37891683	0.37888433	0.37882592	0.37882429	0.37883173	0.37895248	0.37907147	0.3788195	0.37910968	0.34225575	0.34233933	0.37909252	0.37882919	0.37889835	0.37902148	0.3790467	0.37910572	0.37895134	0.34236424	0.34222946	0.3423522	0.34217838	0.3424734	0.3424726	0.34228625	0.34223588	0.37878412	0.41550407	0.37895305	0.37879895	0.37883447	0.3788992	0.34216788	0.34224567	0.34222017	0.34229802	0.3790912	0.37911934	0.41545408	0.41575642	0.4156295	0.41548493	0.37892518	0.37890862	0.37906873	0.37897755	0.34230577	0.34245508	0.34243135	0.34238923	0.34229618	0.3423971	0.37904446	0.3790868	0.34231369	0.34243885	0.3422318	0.34222994	0.34244561	0.34247015	0.34215228	0.34247871	0.37905969	0.37881472	0.34243283	0.34228263	0.34214682	0.34222264	0.34245709	0.34213438	0.3423771
2	-1.0201286	-1.0200432	-1.0201135	-1.0201706	-1.0202559	-1.0201588	-1.0201765	-1.0200775	-1.0201837	-1.0201151	-1.0201422	-1.0202138	-1.0200765	-1.0202773	-1.0201558	-1.0202595	-1.0202898	-1.0202306	-1.0200869	-1.0200797	-1.0201635	-1.0201518	-1.0201053	-1.0202576	-1.0200764	-1.0201109	-1.020205	-1.0202547	-1.0202872	-1.0202034	-1.0201607	-1.0200965	-1.0203109	-1.0201068	-1.0203069	-1.0202518	-1.0201019	-1.0201474	-1.0202611	-1.0202679	-1.0200493	-1.0201862	-1.0200351	-1.0200582	-1.0202496	-1.0202536	-1.0202406	-1.0202433	-1.0201354	-1.0201277	1.3181183	1.3182331	1.3468599	1.3467803	1.3467321	1.2612002	1.2611187	1.2040395	1.0901972	1.1187343	1.0899861	1.0901313	1.0901544	1.0901973	1.061458	1.0901881	1.09018	1.0615015	1.0616382	1.0615535	1.0616459	1.0615941	1.061447	1.0330118	1.0330196	1.0329492	1.0331425	1.0330364	1.0331589	1.033083	1.0329395	1.0044369	1.0046459	1.0046407	1.0046294	1.0046699	1.004639	0.97589451	0.97596987	1.004508	0.97614408	0.97601891	0.97589158	1.0045175	0.97602773	1.0045433	1.0044705	0.97605419	0.97603018	0.97598423	0.97614885	0.97598034	0.97603626	0.97615979	0.97616532	0.97606412	0.97607852	0.97595014	0.97590389	0.97610519	0.97609687	0.97592196	0.94750622	0.94759918	0.97614906	0.94737327	0.94745176	0.94743092	0.94757396	0.9189736	0.9189006	0.91905691	0.91887951	0.94751069	0.91898556	0.94753179	0.94747848	0.94762703	0.91890647	0.94762633	0.94740916	0.94750761	0.94759526	0.94749372	0.94748537	0.94747621	0.91893221	0.94756536	0.94743648	0.94747327	0.91897372	0.91910911	0.94758846	0.91885783	0.91896481	0.91903381	0.91890929	0.919104	0.91896103	0.91911732	0.94748747	0.94756088	0.91913016	0.91888998	0.91913378	0.91889983	0.91912363	0.89055319	0.91898067	0.91891193	0.9189216	0.91892366	0.89048461	0.8906097	0.91892422	0.91892721	0.89048308	0.91899307	0.89048405	0.91913151	0.91890173	0.91909604	0.91892527	0.89037329	0.89048845	0.89039328	0.91894636	0.89060766	0.9190891	0.91897101	0.91889476	0.91891803	0.890598	0.91895214	0.91913928	0.89052137	0.91896512	0.91893613	0.91902358	0.89043329	0.89041156	0.89053403	0.89049941	0.86190502	0.89059541	0.8905618	0.89042535	0.91895292	0.86209307	0.86206651	0.89060828	0.8904409	0.89050874	0.89059677	-0.9630148	-0.96320019	-1.0200653	-1.0200772	-1.0202845	-1.0202842	-1.0200845	-1.0202674	-1.0202087	-1.0202671	-1.0200902	-1.020293	-1.0202994	-1.0203086	-1.0200584	-1.0201088	-1.0202363	-1.0202835	-1.0202717	-1.02013	-1.0203001	-1.0201071	-1.0202474	-1.0201689	-1.0202736	-1.0202661	-1.0202343	-1.0201249	-1.0200632	-1.0203082	-1.0202229	-1.0200784	-1.0200633	-1.0201682	-1.0201493	-1.0201933	-1.0201806	-1.020151	-1.0202816	-1.0201831	-1.020263	-1.0202823	-1.0202568	-1.0203104	-1.0201687	-1.0200998	-1.0202262	-1.0200292	-1.020045	-1.0200796	-1.0201542	-1.0202575	-1.0202972	-1.0202785	-1.020235	-1.0200722	-1.0201957	-1.020277	-1.0201875	-1.0201221	-1.0200679	-1.0200623	-1.0201462	-1.0202194	-1.0203013	-1.0202386	-1.0201499	-1.0200529	-1.0202604	-1.0201568	-1.0202773	-1.0201877	-1.0202233	-1.020162	-1.02026	-1.0201168	-1.0203131	-1.0202961	-1.0202079	-1.0201272	-1.0201755	-1.0201695	-1.0201623	-1.0201824	-1.0202268	-1.0202313	-1.0201808	-1.0201422	-1.0202809	-1.0200959	-1.0201765	-1.0201559	-1.0200929	-1.0202899	-1.020071	-1.020038	-1.0202623
2	-2.1322711	-2.1324358	-2.1324727	-2.1324752	-2.1322933	-2.132418	-2.1323598	-2.1325861	-2.1324529	-2.1322692	-2.1325653	-2.1324795	-2.1325831	-2.1325151	-2.132301	-2.1323962	-2.13229	-2.1322746	-2.1324531	-2.1326073	-2.1322674	-2.1325076	-2.1325709	-2.1325129	-2.1323473	-2.1325378	-2.132345	-2.1323746	-2.1322523	-2.1323258	-2.1323676	-2.1324562	-2.1324879	-2.1325279	-2.1323615	-2.1325565	-2.1323546	-2.1323011	-2.1325628	-2.1326116	-2.1324758	-2.1323601	-2.1325133	-2.132537	-2.1325765	-2.132531	-2.1324467	-2.1325363	-2.1324192	-2.1322881	0.8882456	0.88844639	0.9251475	0.92522444	0.92527247	0.88823277	0.77776784	0.77790291	0.66709541	0.66731914	0.63044353	0.63040196	0.63052568	0.63054686	0.63051677	0.6305297	0.63024605	0.59350477	0.63032963	0.63026137	0.63037573	0.5936626	0.59355327	0.59357769	0.63034068	0.63039482	0.55677658	0.59372147	0.59372765	0.59350233	0.55665026	0.5567404	0.55671803	0.55673695	0.5937111	0.59347068	0.51992693	0.51978226	0.55691202	0.51984854	0.51986542	0.51982453	0.51972831	0.51982183	0.51977013	0.51982527	0.51997083	0.51987137	0.51977868	0.48322753	0.48300165	0.51983036	0.5198578	0.48319798	0.48300876	0.51978308	0.51977516	0.48311894	0.48310766	0.48295909	0.48303843	0.48321627	0.4828894	0.48321874	0.48301105	0.48314875	0.48290174	0.48300205	0.4831837	0.48302161	0.44636329	0.44623623	0.44612803	0.44624629	0.48306009	0.44612165	0.44611298	0.44622664	0.44632363	0.48320977	0.48312451	0.48290414	0.44604903	0.4463135	0.44637466	0.44628704	0.44638758	0.44623082	0.44615746	0.44603871	0.4462189	0.44613253	0.44621009	0.44635772	0.44612382	0.44626268	0.44619475	0.44610958	0.44611269	0.48304895	0.44627586	0.44617572	0.4461898	0.40929656	0.4094209	0.40955057	0.44610618	0.44627363	0.44636201	0.44604076	0.44610431	0.44619647	0.44623723	0.40941392	0.40929829	0.44610947	0.44624335	0.44607252	0.40930099	0.4463345	0.44614456	0.44612703	0.44625477	0.44615111	0.40947548	0.40945015	0.40944711	0.40954339	0.40927682	0.44639703	0.44640327	0.4462519	0.4094649	0.40934946	0.40951257	0.44619768	0.44611688	0.40931552	0.40929783	0.44630424	0.44608261	0.40927005	0.44623816	0.44620497	0.40929205	0.40931871	0.40949191	0.40925423	0.44619409	0.44614845	0.44625728	0.44612519	0.40922786	0.40930529	0.44621925	0.44634315	0.44618159	0.44623187	0.44610653	0.4094415	0.40933784	0.4093042	0.4094523	0.40933503	0.40948446	0.44619556	0.40944025	0.40947306	0.40925415	0.40946344	0.40945041	0.37267535	0.40935363	0.40923327	0.40925464	0.4093941	0.40947144	0.4093932	0.40923171	0.40921988	0.40924548	0.40927803	0.37239891	0.37264727	0.40948501	0.40944291	0.40952037	0.4094286	0.40943834	0.40926431	0.40947311	0.40936497	0.40928275	0.40949753	0.40938771	0.40935503	0.40953648	0.40949652	0.40942783	0.40927501	0.4095242	0.40924062	0.40928369	0.40941522	0.40927423	0.40922324	0.40933029	0.40954624	0.40943996	0.37245634	0.37238351	0.37241181	0.37242954	0.37271563	0.37247107	0.37272083	0.37254583	0.37239032	0.3724483	0.37246702	0.37262909	0.3726487	0.37242287	0.3726039	0.37252946	0.40941967	0.40931542	0.37252029	0.37247385	0.37264072	0.37256646	0.37262993	0.37256823	0.37246051	0.372422	0.37264702	0.37264377	0.37269484	0.37253939	0.37238713	0.37257552	0.37265214	0.37256854	0.37237526	0.37272716	0.37242064	0.37271904	-1.948293	-1.9482075	-2.1324733	-2.1325315
2	-2.223852	-2.2237671	-2.2238562	-2.2238821	-2.2238178	-2.2237761	-2.2236428	-2.223607	-2.2239261	-2.2239154	-2.2237154	-2.2237079	-2.2236425	-2.2238498	-2.2239307	-2.2237588	-2.2239331	-2.2235987	-2.2237849	-2.2236967	-2.2237182	-2.2235985	-2.2235844	-2.2238736	-2.2237453	-2.2238727	-2.2238996	-2.22367	-2.2235765	-2.2235931	-2.223823	-2.223865	-2.2236797	-2.223887	-2.2236012	-2.2239217	-2.2236453	-2.2238749	-2.2236525	-2.223786	-2.2236501	-2.2237793	-2.2236371	-2.2237061	-2.2236734	-2.2237102	-2.2237086	-2.2239213	-2.2238009	-2.2236777	0.94112867	0.94129319	0.98021723	0.98005778	0.94106141	0.94108443	0.86281315	0.8630422	0.74568276	0.70677192	0.62848893	0.62862814	0.62844676	0.58936024	0.58954481	0.62853881	0.58943952	0.58952269	0.55054461	0.55033587	0.62837859	0.5894743	0.58950673	0.5893122	0.5892861	0.58946598	0.58941595	0.5893033	0.58962634	0.55039129	0.55057004	0.55027463	0.55027632	0.55050003	0.55056505	0.55038793	0.5504654	0.55042652	0.55034595	0.51120812	0.51137785	0.5111992	0.51147529	0.47231362	0.47243085	0.47228577	0.47206711	0.47242705	0.51122135	0.5111292	0.47216897	0.47206536	0.51114715	0.5115146	0.47212404	0.47209424	0.51128343	0.47244052	0.47221918	0.47205464	0.4723554	0.47236392	0.47233988	0.43334132	0.43324906	0.43327682	0.47244005	0.47205226	0.47209538	0.47228509	0.47234716	0.47221312	0.4722627	0.47210477	0.43298155	0.4332541	0.47222921	0.47232218	0.47205695	0.47240715	0.43305823	0.47217966	0.43303837	0.43325859	0.43327377	0.43334285	0.43331847	0.43303838	0.43320993	0.43323157	0.43333327	0.39392299	0.39427322	0.43307296	0.43320752	0.43315223	0.43314892	0.43331904	0.43323596	0.43334242	0.43319778	0.4331677	0.43320396	0.43323332	0.43331629	0.39416864	0.43318864	0.43324992	0.43303123	0.43326114	0.47222256	0.43333091	0.43299331	0.43333736	0.39402593	0.39426988	0.43334908	0.43303323	0.39401909	0.39391153	0.39414009	0.43321189	0.43318409	0.39397583	0.39409488	0.3939578	0.39419242	0.39425722	0.39404936	0.39398804	0.39403171	0.43318861	0.43303995	0.43303623	0.39427044	0.39408156	0.39404754	0.43324377	0.39409575	0.39397428	0.39407782	0.39407364	0.3939585	0.39421394	0.43333246	0.43301256	0.35502548	0.39397227	0.39395799	0.39392506	0.39400818	0.39426228	0.3941743	0.35489363	0.39398701	0.39393013	0.39424774	0.39412892	0.39395519	0.39400372	0.39404174	0.39428001	0.39404448	0.39397341	0.39407089	0.39407798	0.39395101	0.35518734	0.35487784	0.35496493	0.35505067	0.35517049	0.35499009	0.35506794	0.35505766	0.35495966	0.35488971	0.35510037	0.39429244	0.3940807	0.39429647	0.39429607	0.39399848	0.3548453	0.35497067	0.39422295	0.39401992	0.39426248	0.39415579	0.3551694	0.35516712	0.3548609	0.35501927	0.35512087	0.39408203	0.3941732	0.35521563	0.35495843	0.35507759	0.35491116	0.35489202	0.35500315	0.35485579	0.35521961	0.3550175	0.35519373	0.35485857	0.35522146	0.35510304	0.35498418	0.35501648	0.3550698	0.35496532	0.39411913	0.35493537	0.35488248	0.35518746	0.39396044	0.39403763	0.35485404	0.35501911	0.35489812	0.35493331	0.35487529	0.35492131	0.35498245	0.31608437	0.31600346	0.31606422	0.35497726	0.35514754	0.35485535	0.35515449	0.35521146	0.31610851	0.31582869	0.3552096	0.35508313	0.35513277	0.31599674	0.31607222	0.31606663	0.31597155	0.35491197	0.39423176	0.39413838	0.35486077	0.35489963	0.31580318	0.35513482	0.35501212
2	-1.8131363	-1.8133107	-1.8130545	-1.8130801	-1.8131139	-1.8131954	-1.8131552	-1.8131934	-1.8131114	-1.8132887	-1.8132795	-1.8130268	-1.8131739	-1.813134	-1.8130624	-1.8129915	-1.8131099	-1.8132031	-1.8131393	-1.8131589	-1.8133057	-1.8130345	-1.8131664	-1.8132777	-1.8131524	-1.8130487	-1.8131374	-1.8131479	-1.8131125	-1.8133277	-1.8130594	-1.8130893	-1.8133236	-1.8131642	-1.8131907	-1.8132423	-1.8131869	-1.8132994	-1.8131178	-1.813262	-1.813262	-1.8130051	-1.8131269	-1.8132681	-1.8130581	-1.8132232	-1.8131257	-1.8132051	-1.8131849	-1.8130425	0.93116192	0.96477678	0.9650439	0.96481033	0.89702762	0.82952008	0.79559848	0.79552216	0.76176497	0.72784788	0.72785664	0.72790678	0.72783078	0.72780268	0.72779449	0.72761693	0.69393591	0.69392243	0.69387378	0.69405974	0.65990434	0.65997951	0.69401574	0.69377701	0.62618037	0.62619622	0.62623496	0.62630543	0.62627917	0.62610112	0.62622658	0.59218319	0.59241331	0.62619065	0.62624164	0.59228611	0.592371	0.62605054	0.59229799	0.59231337	0.59231032	0.59226549	0.59235846	0.59214286	0.62604096	0.59242442	0.59242519	0.59239171	0.59235814	0.59241215	0.5924089	0.55832026	0.59217753	0.55847373	0.59215161	0.59209957	0.59208933	0.59237248	0.55827451	0.55846012	0.55831219	0.55834401	0.55839831	0.5584124	0.55852603	0.558245	0.55841041	0.55852734	0.55823341	0.55846249	0.55829141	0.55850576	0.55845739	0.5584379	0.59220989	0.55852678	0.55831674	0.52439465	0.55825287	0.55833598	0.55828246	0.5584834	0.55845666	0.55836674	0.55844829	0.55826314	0.55830514	0.55822327	0.55834815	0.52462506	0.5584616	0.52441293	0.5584883	0.55854125	0.52441938	0.52460115	0.52448047	0.52457739	0.5583376	0.55844663	0.52435658	0.52461947	0.52439169	0.52446131	0.52458611	0.49070304	0.5243322	0.52444365	0.55830693	0.52435621	0.52457581	0.49054903	0.49056962	0.52448288	0.52449746	0.52435358	0.52460818	0.52465082	0.52447707	0.49076952	0.49049503	0.52450465	0.49063774	0.4905222	0.49058205	0.49061284	0.49065285	0.49051916	0.52449149	0.5244496	0.49075285	0.52435643	0.49047583	0.5244961	0.49063785	0.49065659	0.49047965	0.49057123	0.49045674	0.49068902	0.49066802	0.49068576	0.52434998	0.49072892	0.45671005	0.49063576	0.4906469	0.49060947	0.49061886	0.49061654	0.49048249	0.49063287	0.49065053	0.45688776	0.45683396	0.45686467	0.4904895	0.49068858	0.5245832	0.49077932	0.49064547	0.45660339	0.49047753	0.49078279	0.49071838	0.49064406	0.45671612	0.45677041	0.45682363	0.42295803	0.49067906	0.49057397	0.4906409	0.49061093	0.49061337	0.49069125	0.49051019	0.49070134	0.49060996	0.49077355	0.49050457	0.45689059	0.49053229	0.49053168	0.45666881	0.4907455	0.45673151	0.49045906	0.4568129	0.49069045	0.49060907	0.49061932	0.49071242	0.49067544	0.49075455	0.49067281	0.49076845	0.49075511	0.49045406	0.49073517	0.49077097	0.45690074	0.45677658	0.4567734	0.49062239	0.49047436	0.49060597	0.4568861	0.4906843	0.45674128	0.49054036	0.45661178	0.45657821	0.4904524	0.4907802	0.49066726	0.49047439	0.49061616	0.49057564	0.49078406	0.45678973	0.49065271	0.49074249	0.49063489	0.49050839	0.45668871	0.49068382	0.49073125	0.49061975	0.49051822	0.49068887	-1.372848	-1.8131182	-1.8133207	-1.8132167	-1.8131678	-1.8132973	-1.8132888	-1.8130299	-1.8133247	-1.8132498	-1.8130048	-1.8132704	-1.8130079	-1.8130278	-1.8130814	-1.8131119	-1.8131261	-1.8130462	-1.8132771	-1.8132056
2	-1.6007838	-1.6008251	-1.6006483	-1.6008289	-1.6007441	-1.6008331	-1.6007149	-1.6007716	-1.6009207	-1.6008947	-1.6007717	-1.6008465	-1.6008347	-1.6009204	-1.6008288	-1.6006522	-1.6007698	-1.6007113	-1.6006239	-1.6008921	-1.6008577	-1.6007925	-1.6009124	-1.6006513	-1.600746	-1.6006665	-1.6007542	-1.6008507	-1.6007241	-1.6006825	-1.6008903	-1.6007283	-1.6009281	-1.6008201	-1.6007196	-1.600877	-1.6006905	-1.6008551	-1.6006514	-1.6008921	-1.60085	-1.6008855	-1.6008989	-1.6008556	-1.6008681	-1.6008657	-1.6008143	-1.6007607	-1.6008525	-1.6006497	0.95933258	0.95940328	0.99084317	0.99089938	0.92772227	0.89618217	0.86440311	0.83293888	0.83278819	0.76966838	0.7696881	0.80122366	0.80118838	0.76954641	0.73799179	0.73798366	0.73812603	0.73821402	0.73799479	0.73807822	0.73816686	0.70651664	0.70651929	0.70637514	0.70649633	0.70632399	0.70638967	0.70660145	0.70644256	0.73795282	0.70637567	0.70648939	0.70631527	0.70647196	0.6431377	0.64324275	0.67480137	0.67482999	0.67472611	0.6748584	0.67492512	0.70654363	0.67495378	0.67485412	0.67474455	0.64324725	0.67480958	0.64327132	0.64314229	0.64311035	0.64317547	0.6432785	0.6431542	0.61178951	0.64336128	0.64330466	0.64321843	0.64313255	0.64314385	0.61164794	0.61160362	0.64322166	0.61166315	0.6117654	0.6117452	0.61168635	0.61161168	0.61170557	0.61174739	0.61168298	0.61176034	0.61163443	0.61179568	0.61180623	0.61165379	0.61165071	0.61163331	0.61153806	0.61157329	0.61153674	0.61180449	0.61175365	0.57990644	0.61163166	0.61178358	0.61167809	0.61163726	0.61163196	0.6115901	0.61172017	0.61178791	0.61177374	0.61172318	0.58010546	0.58011745	0.58000558	0.58009324	0.58018122	0.61160682	0.61166196	0.61179777	0.57998552	0.58013096	0.61155579	0.61163263	0.58011521	0.57995271	0.61162636	0.61149714	0.5801816	0.58007387	0.58012983	0.58013124	0.5801421	0.57990081	0.57988724	0.5801029	0.57990325	0.58018933	0.5799061	0.58009247	0.57992873	0.61162936	0.58008194	0.58016336	0.58008783	0.57999828	0.58018539	0.57989727	0.57993221	0.58015248	0.57996421	0.57990765	0.58018242	0.57989067	0.58017287	0.58000244	0.54843783	0.58004516	0.58015445	0.58018016	0.58001207	0.58008688	0.58003694	0.5801385	0.5483592	0.54835637	0.58010352	0.57991512	0.57998579	0.58003625	0.6116134	0.58001858	0.58010468	0.58019349	0.54852394	0.54854936	0.54858276	0.57993543	0.58011595	0.57990888	0.58004349	0.58001156	0.54847446	0.54839412	0.54850728	0.54828657	0.54842675	0.54833754	0.58018302	0.58012585	0.54844462	0.54846175	0.54839661	0.54849536	0.54831928	0.58015216	0.54828267	0.58012141	0.54852327	0.54842581	0.58008233	0.54841973	0.54856484	0.5483746	0.54837848	0.58020128	0.57995799	0.54857986	0.54829082	0.57989335	0.58007471	0.58000326	0.54859544	0.54850021	0.54856298	0.58002285	0.58016762	0.54850214	0.57992545	0.54837818	0.54837276	0.54833705	0.54835961	0.54849585	0.54859492	0.54857249	0.54831057	0.54848282	0.54843036	0.54849899	0.54837736	0.54858949	0.54828338	0.54847278	0.51680547	0.54829767	-1.5691546	-1.600692	-1.600707	-1.6008792	-1.6008463	-1.6008811	-1.6006363	-1.6006299	-1.6006254	-1.600835	-1.6008659	-1.6009236	-1.6006892	-1.6008345	-1.6008566	-1.6007894	-1.600726	-1.6008637	-1.6008909	-1.6007631	-1.6007122	-1.6009075	-1.600658	-1.6008819	-1.6007358	-1.6006842	-1.6007617	-1.6007794	-1.6008894	-1.6008226	-1.600796	-1.6008085	-1.6008962	-1.6007148
2	-1.7396784	-1.7396013	-1.7396933	-1.7397311	-1.7395855	-1.7396062	-1.7396845	-1.739547	-1.7397729	-1.7396546	-1.7396525	-1.7396508	-1.7395458	-1.7396545	-1.7396645	-1.7397446	-1.7398592	-1.7397686	-1.7398082	-1.7398326	-1.7397449	-1.7398434	-1.7396494	-1.7396136	-1.739753	-1.7397709	-1.7398236	-1.7395777	-1.739579	-1.7397854	-1.7396806	-1.739623	-1.7398519	-1.7395369	-1.7397485	-1.7398315	-1.7397189	-1.7396068	-1.739793	-1.7395368	-1.7396247	-1.7395334	-1.7395663	-1.7397395	-1.7395343	-1.7398032	-1.7396202	-1.7396722	-1.7396516	-1.7397762	1.1125288	1.0108785	1.0448609	1.0106356	0.97685402	0.94299983	0.94303914	0.8750653	0.87480567	0.70516281	0.67119492	0.70523158	0.63722122	0.67126964	0.67124158	0.67130059	0.67126327	0.67135049	0.70502887	0.67118135	0.67114256	0.67121557	0.6711226	0.70502079	0.67124038	0.67133444	0.67134266	0.67127085	0.67129398	0.63738453	0.63711796	0.67111211	0.63731793	0.63738689	0.63742137	0.63735062	0.63725985	0.63735182	0.63739496	0.63741457	0.63719599	0.63741665	0.60333292	0.60348134	0.63741438	0.63710937	0.60341108	0.63723582	0.63736728	0.60346449	0.60338273	0.63729541	0.60340038	0.60335213	0.56936352	0.60320974	0.60323135	0.63715676	0.56951499	0.60345757	0.60333571	0.60341053	0.6032671	0.63727706	0.60315882	0.60340942	0.60337658	0.60333964	0.56920168	0.5693992	0.60319618	0.56950294	0.56939048	0.60338993	0.60339717	0.56929964	0.6032376	0.60330238	0.56949143	0.53548742	0.53541692	0.53537274	0.56952155	0.56924543	0.5693959	0.56939485	0.56934638	0.56937243	0.53530849	0.56936022	0.56941032	0.56948705	0.53551891	0.5693182	0.56948241	0.5692967	0.56937478	0.56922588	0.56941351	0.56945009	0.56929491	0.56931676	0.56934067	0.53547208	0.53556002	0.53553948	0.5354352	0.56925022	0.53533841	0.53556468	0.5353155	0.53542493	0.53524488	0.53537106	0.53536114	0.53535875	0.53550844	0.53531962	0.53551676	0.53551632	0.53541057	0.53528505	0.53528158	0.53539439	0.53548518	0.50154906	0.53545407	0.53550637	0.53532864	0.53528248	0.53529984	0.53543053	0.5353485	0.53527442	0.53550753	0.53533423	0.53538583	0.53556112	0.53546582	0.50132524	0.53534178	0.50154008	0.50129182	0.53526764	0.53537168	0.50148447	0.53551239	0.53540424	0.50159165	0.50138807	0.50153823	0.50155858	0.50152222	0.53547481	0.53543189	0.5015556	0.46757061	0.4674415	0.5016086	0.50131507	0.53535305	0.53547652	0.5015582	0.53524662	0.50148861	0.50145834	0.53551931	0.50128098	0.50128077	0.50140742	0.53553952	0.50132113	0.53548211	0.50134197	0.50154409	0.50155111	0.50144819	0.50158495	0.50132299	0.46750095	0.50142166	0.50153257	0.5014101	0.53538217	0.5013547	0.50150879	0.53551497	0.50141977	0.50138443	0.50132428	0.50143256	0.50152295	0.50142632	0.46743248	0.46744754	0.50141142	0.50151198	0.46760016	0.5013001	0.46756869	0.46736775	0.46750741	0.46742992	0.50149019	0.46740737	0.46755493	0.46758852	0.46747541	0.46749904	0.50141927	0.5014755	0.50138312	0.4673167	0.50152102	0.4673805	0.50150395	0.50133022	0.46756474	0.43366908	0.50151751	0.50128867	0.50152629	0.50134066	0.46736989	0.46734779	0.4673635	-0.38135394	-1.6717906	-1.7397932	-1.7396594	-1.7398431	-1.7396655	-1.7396	-1.7396106	-1.7396982	-1.7397021	-1.7395413	-1.7396621	-1.7398132	-1.7397324	-1.7396487	-1.739803	-1.7397778	-1.7395825	-1.7396519	-1.739556	-1.7395863	-1.7398343	-1.7397653	-1.7396687	-1.7397462
2	-2.2237718	-2.2238252	-2.2237869	-2.2236532	-2.2235861	-2.2235531	-2.2236104	-2.2237489	-2.2238237	-2.2236562	-2.223781	-2.2238482	-2.2236228	-2.2236372	-2.2236825	-2.2238824	-2.2238507	-2.2238058	-2.2235711	-2.2237926	-2.223582	-2.223525	-2.2235511	-2.2237544	-2.2236151	-2.223504	-2.2236087	-2.2237155	-2.2236582	-2.2237958	-2.2235808	-2.2235381	-2.2238086	-2.2238415	-2.223672	-2.2238793	-2.2235367	-2.2235718	-2.2237465	-2.2237807	-2.2235754	-2.2238772	-2.2238391	-2.2235843	-2.2237006	-2.2236903	-2.2237915	-2.2236216	-2.2237362	-2.2235017	1.0041632	0.96544829	0.96526553	0.92639154	0.92647999	0.92645934	0.84863442	0.80964276	0.69308806	0.69295869	0.6540438	0.65414518	0.61517516	0.6152376	0.61528799	0.61520419	0.57656129	0.57636074	0.61514929	0.61507334	0.61523489	0.61531137	0.57642654	0.57646494	0.57656739	0.57640653	0.61525891	0.5764009	0.57620134	0.57621665	0.57656366	0.57624483	0.5373927	0.53754153	0.5374059	0.53731592	0.49873941	0.53755616	0.4984653	0.49850296	0.49873922	0.53740929	0.53741949	0.53730847	0.53729046	0.49844476	0.49859038	0.49868064	0.49864008	0.49844305	0.4985691	0.49847757	0.45974013	0.45986804	0.45979662	0.45965894	0.45978501	0.49869525	0.49846299	0.49860909	0.49877312	0.4597525	0.45977196	0.49864447	0.49860234	0.49857011	0.49840589	0.49840292	0.45955564	0.45966781	0.4595866	0.4596409	0.49840512	0.49843959	0.45963412	0.49841917	0.4986329	0.45989263	0.45985928	0.45985227	0.45980048	0.45952019	0.42075351	0.42099824	0.42062482	0.45963942	0.4598903	0.45988046	0.42074975	0.42100801	0.45973529	0.45977088	0.45988157	0.4598315	0.45967813	0.45984723	0.45981869	0.45957524	0.42084176	0.420923	0.42094389	0.42080921	0.42076642	0.42095953	0.42087485	0.42100305	0.42071261	0.42066365	0.38191642	0.38190357	0.42096293	0.42092682	0.42081116	0.38192758	0.38189632	0.42071995	0.42078939	0.42092299	0.42062233	0.42097317	0.38184754	0.38181528	0.38174308	0.42066969	0.4209725	0.38197154	0.38206949	0.38186994	0.38197072	0.38184315	0.42076341	0.42079312	0.42077286	0.38196042	0.38193592	0.3820317	0.38204033	0.38208613	0.38181886	0.38204345	0.38203859	0.3817488	0.38180927	0.38184453	0.38176708	0.38186544	0.38184931	0.38204339	0.38209647	0.38201737	0.38208327	0.38188057	0.3818918	0.38189942	0.3429506	0.3820548	0.38202988	0.38182317	0.38195508	0.38184533	0.34287005	0.38209546	0.38210916	0.38187961	0.38210721	0.38174143	0.38178626	0.38195934	0.38199671	0.38193568	0.38175418	0.38201067	0.38184912	0.38181672	0.38191252	0.38186302	0.38174794	0.34309469	0.34316203	0.38175693	0.3818759	0.38207713	0.38183672	0.38205688	0.34285211	0.42065812	0.42068908	0.42062315	0.38179756	0.38204264	0.34320311	0.38206015	0.38203569	0.38209874	0.38194442	0.38175414	0.38192033	0.38190962	0.34291753	0.34312522	0.34294057	0.34300301	0.38207442	0.3817479	0.38193949	0.34295271	0.34322553	0.34293742	0.34294693	0.343055	0.34317616	0.34299724	0.34310796	0.38182216	0.38210119	0.34314349	0.34322434	0.34294792	0.34296182	0.34297081	0.34288787	0.34316781	0.34314276	0.34304732	0.34316887	0.34286625	0.38191019	0.38182735	0.34285588	0.34294154	0.34291058	0.34305058	0.38207338	0.34288163	0.34285304	0.3430025	0.34290948	0.34292286	0.34302379	0.34315942	0.343163	0.34292513	0.34317245	0.34311022	0.34299995	0.34292283	0.34301222	0.34291726	0.34297274	0.34296436	0.34319319
2	-1.6658695	-1.6658637	-1.6656494	-1.6658891	-1.6658115	-1.6658285	-1.6657916	-1.6656735	-1.6659478	-1.6656564	-1.6659352	-1.6659015	-1.6659383	-1.6659307	-1.6657045	-1.6657811	-1.665683	-1.6658697	-1.6656539	-1.6657498	-1.6658054	-1.6657933	-1.665938	-1.6658627	-1.6657584	-1.6658504	-1.6658103	-1.6659485	-1.6657564	-1.6657657	-1.6657062	-1.6656608	-1.665889	-1.665854	-1.665744	-1.6659296	-1.6657059	-1.6658078	-1.6657719	-1.6658585	-1.6659444	-1.6656998	-1.6656756	-1.6656867	-1.6659617	-1.6658639	-1.6657844	-1.6657509	-1.6658057	-1.6658118	0.95959851	0.95945015	0.99130008	0.99119631	0.89619775	0.89632129	0.86478273	0.86473591	0.80137363	0.76972036	0.76981655	0.73801028	0.73812764	0.73816569	0.73818761	0.70646919	0.70658825	0.70654301	0.70645031	0.73815778	0.67471623	0.70644152	0.67489757	0.67474623	0.67472198	0.67500846	0.67472942	0.67501491	0.6748002	0.67481534	0.67493717	0.67472488	0.67495901	0.67493988	0.67501203	0.67489401	0.67487496	0.6748173	0.67490874	0.64325304	0.64335796	0.64329389	0.64312088	0.64331941	0.64319359	0.64308485	0.64338472	0.61162209	0.61173677	0.64315147	0.64324448	0.64308522	0.61145821	0.611652	0.61154554	0.61171211	0.6433588	0.61154271	0.61156311	0.61145207	0.61170598	0.61160657	0.61147795	0.61170926	0.61152873	0.61168966	0.61169085	0.61149871	0.57985925	0.580111	0.58001516	0.61167138	0.61164543	0.61158849	0.61165942	0.58005787	0.58005561	0.61148884	0.61156244	0.61166965	0.61157214	0.57992434	0.57994486	0.58000261	0.61169003	0.61160752	0.58002615	0.57986879	0.57985741	0.58006253	0.57989285	0.58002647	0.57988447	0.57995357	0.54846244	0.54818647	0.54844323	0.54831571	0.54831351	0.54830034	0.54842435	0.58001784	0.58004627	0.57983529	0.54823082	0.58004857	0.57982343	0.54818623	0.54818141	0.57985143	0.57983009	0.57987942	0.54849298	0.57988716	0.54833263	0.54834287	0.54826684	0.54824872	0.54846396	0.54846718	0.5484591	0.57997647	0.57991809	0.57988696	0.54831016	0.54832455	0.54824441	0.57989882	0.54825582	0.54845179	0.54826071	0.57983915	0.58012256	0.54844505	0.57997044	0.57983325	0.57985195	0.54840771	0.54839567	0.58004137	0.54842236	0.54847881	0.5483832	0.54823432	0.54829419	0.54842368	0.54829961	0.51682318	0.54818407	0.54829881	0.54836888	0.579945	0.57998482	0.54846537	0.54835416	0.54826312	0.54832382	0.54828458	0.54837711	0.58000205	0.54835912	0.54825915	0.54834461	0.54845222	0.54837664	0.54822569	0.54828366	0.57996782	0.58010913	0.5483333	0.54832572	0.54819586	0.54834593	0.548404	0.54827302	0.54848476	0.54829678	0.54846658	0.54844576	0.54819243	0.54822894	0.54828179	0.54836626	0.51670844	0.54844927	0.54838018	0.54832689	0.51683398	0.51661178	0.54827476	0.54839638	0.54819774	0.54828823	0.54823705	0.54819519	0.51656002	0.51669898	0.51664614	0.51677913	0.54828885	0.5484645	0.54822739	0.54842287	0.51654954	0.51656483	0.51679248	0.51673106	0.51683777	0.51674442	0.51663868	0.51658956	0.51664638	0.51679359	0.5167536	0.51655834	0.51656495	0.51671678	0.54845724	0.54845512	0.54821436	0.51673578	-1.3496549	-1.3495812	-1.3493838	-1.6657254	-1.6658706	-1.665742	-1.6657755	-1.6658142	-1.6657028	-1.6657507	-1.6659347	-1.6659413	-1.6657437	-1.6658973	-1.6659399	-1.6658305	-1.6657887	-1.6659283	-1.6658474	-1.6658704	-1.665661	-1.6658092	-1.6659229	-1.6658966	-1.6659008	-1.6659388	-1.6657425	-1.6659242	-1.6657226	-1.6656549
2	-2.226544	-2.2266169	-2.2265928	-2.2267464	-2.2266671	-2.2267149	-2.226619	-2.2267139	-2.2266587	-2.2268296	-2.2265977	-2.2264992	-2.2265206	-2.2265171	-2.2265139	-2.2265567	-2.2267772	-2.2268225	-2.2267273	-2.226734	-2.2265403	-2.2268646	-2.2267238	-2.2267406	-2.2267015	-2.2266464	-2.2267349	-2.2267264	-2.2267221	-2.226644	-2.226729	-2.226852	-2.2268079	-2.2267409	-2.2266375	-2.2267313	-2.2266046	-2.2265756	-2.2267946	-2.2267135	-2.2266968	-2.2266888	-2.2266408	-2.2268101	-2.2266125	-2.22674	-2.2266533	-2.22664	-2.2266547	-2.226829	0.87800785	0.84124496	0.91497561	0.84100593	0.84101495	0.8411802	0.7302165	0.73031774	0.69318273	0.61927614	0.65642725	0.6564233	0.61935619	0.65627458	0.6562111	0.65634278	0.61941082	0.61936284	0.61943912	0.58244118	0.61934748	0.61953792	0.58225622	0.5453162	0.58259232	0.58233721	0.54559864	0.58239368	0.54548558	0.54561434	0.54557303	0.54547806	0.54556597	0.54530498	0.50833813	0.50865055	0.50843879	0.54537959	0.50848146	0.50847531	0.50858033	0.50844457	0.50837619	0.50847914	0.50865721	0.54540446	0.50852903	0.50844353	0.50843278	0.50857955	0.50864794	0.47162941	0.50843639	0.47165769	0.47145282	0.47166282	0.4713998	0.47145895	0.50864169	0.47158298	0.50831064	0.50845724	0.50867236	0.5086774	0.50847208	0.47139989	0.47164075	0.50867635	0.50861015	0.47166826	0.50857681	0.47144679	0.47141291	0.47135642	0.47169622	0.4714205	0.47134963	0.43468843	0.43463518	0.47171711	0.47169417	0.47146324	0.43471989	0.43456786	0.43470058	0.43451737	0.4346094	0.43462822	0.43463404	0.4344968	0.43464344	0.43474692	0.39769069	0.39774378	0.43462423	0.43442804	0.43461095	0.43441643	0.43447485	0.43450951	0.43469573	0.39776379	0.39758359	0.43460148	0.43462039	0.43455878	0.43471826	0.39757438	0.39759829	0.39753862	0.39756467	0.43472242	0.39778104	0.39774931	0.39776231	0.43474871	0.3977768	0.43456938	0.39773457	0.43461414	0.39769721	0.43471547	0.43456595	0.43455367	0.434464	0.39770855	0.39776446	0.39776077	0.39750784	0.39769461	0.39745055	0.39745886	0.39748029	0.39753445	0.39766643	0.39773847	0.39762151	0.39744491	0.39756347	0.43456187	0.39749601	0.39746006	0.39744903	0.39749431	0.39763955	0.3976329	0.39750284	0.39760419	0.39744724	0.39766623	0.39774779	0.36077269	0.39756767	0.397534	0.39768878	0.39779319	0.397508	0.39764407	0.39742842	0.39775716	0.36067258	0.36082518	0.36052569	0.39756655	0.36071353	0.39743886	0.39763708	0.3977056	0.39746223	0.39762246	0.360767	0.36073837	0.39767897	0.39750027	0.39769501	0.3605324	0.3975664	0.36074279	0.36055174	0.36081311	0.36076031	0.36054276	0.36076971	0.39745642	0.36064833	0.39767881	0.36062079	0.36062753	0.36081075	0.3607967	0.36072443	0.39777137	0.36058272	0.36077082	0.36046378	0.39761012	0.36061969	0.36060947	0.39763489	0.36075348	0.3606118	0.36061788	0.36076345	0.36068325	0.36058669	0.36068671	0.39761612	0.36051003	0.36056485	0.36079839	0.36074342	0.36078644	0.36052223	0.36050358	0.36070437	0.39746169	0.3605208	0.36050941	0.32365981	0.36050609	0.39777376	0.39764907	0.36062056	0.36069826	0.36066102	0.36065935	0.32362683	0.36064396	0.36064793	0.39779339	0.36052544	0.39777428	0.36055438	0.36063445	0.36063619	0.36070679	0.32365728	0.3236902	0.32359344	0.32365769	0.36064824	0.36072435	0.36058785	0.36049169	0.32372194	0.36069221	0.39770548	0.36046466	0.39759829	0.36066579	0.36065221
2	-1.0402905	-1.0401762	-1.0403994	-1.0402218	-1.0404218	-1.0403156	-1.0403268	-1.0401594	-1.0402733	-1.0402232	-1.0402376	-1.040205	-1.0402828	-1.0404227	-1.0403601	-1.040391	-1.0402394	-1.0401971	-1.040273	-1.0403201	-1.0403837	-1.0403073	-1.0403063	-1.0403776	-1.0403814	-1.0404129	-1.0403737	-1.0402316	-1.0403369	-1.0402482	-1.0402562	-1.0402385	-1.0402983	-1.0402041	-1.0403369	-1.0402719	-1.0403294	-1.0402037	-1.0404074	-1.0403206	-1.0403608	-1.0401601	-1.0404022	-1.0403746	-1.0404008	-1.0404106	-1.0402369	-1.0401688	-1.0401473	-1.0404028	1.2744679	1.2746327	1.2746919	1.2463152	1.2463883	1.2462496	1.2180905	1.2182327	1.1334232	1.105075	1.105248	1.105058	1.0768591	1.0487291	1.0768689	1.0768783	1.0487078	1.048682	1.0487805	1.0488683	1.0205071	1.0204614	1.0206025	1.0205596	0.99221748	1.0204389	0.99219975	1.0206183	1.0203631	0.9922307	0.99236956	0.96391379	0.99231663	0.99227397	0.99223653	0.99240318	0.9639394	0.9924005	0.96407904	0.96411893	0.964045	0.96408088	0.96417835	0.96395655	0.99216013	0.96400237	0.96397004	0.96418228	0.96402428	0.96408779	0.96409965	0.96395765	0.93570369	0.93578752	0.96410982	0.96406607	0.93570553	0.93591029	0.93583374	0.93581791	0.96393236	0.96408513	0.93575002	0.9358746	0.93591499	0.93570527	0.9357895	0.93572789	0.90766238	0.93575227	0.93573715	0.93590128	0.93578264	0.93577822	0.93594055	0.93584221	0.93567446	0.93576477	0.90763143	0.93578558	0.93573967	0.93570014	0.90771466	0.90767422	0.90758112	0.93576567	0.93589171	0.90753601	0.90770969	0.90755513	0.90749141	0.90767227	0.90771647	0.90747857	0.90747563	0.90748981	0.90753854	0.90756991	0.90771583	0.93577088	0.90761674	0.90761841	0.90771622	0.90744541	0.90756396	0.90747126	0.90744586	0.93577307	0.90770211	0.90768006	0.90746417	0.90750852	0.90745021	0.90762192	0.87924203	0.90766859	0.90768181	0.87936309	0.90757263	0.90758204	0.87948019	0.87946684	0.87921341	0.87929832	0.90767338	0.87932494	0.87941008	0.87924343	0.87946507	0.87939342	0.87935414	0.87937105	0.90767422	0.87929845	0.90761502	0.87941232	0.90747014	0.90752404	0.90768616	0.90755257	0.87925187	0.87926926	0.87928781	0.87922687	0.87935257	0.87934419	0.87948034	0.87944464	0.87948591	0.87926645	0.8794897	0.87939518	0.87940444	0.8793508	0.87935016	0.85119988	0.85120386	-1.0403967	-1.0402733	-1.0403813	-1.0402178	-1.0401844	-1.0403369	-1.040194	-1.0401953	-1.0403034	-1.0403746	-1.0401998	-1.040255	-1.0402051	-1.040256	-1.0402482	-1.0401943	-1.0403048	-1.0402879	-1.0403604	-1.0401548	-1.0403695	-1.04022	-1.0403843	-1.0401521	-1.0403045	-1.0403385	-1.0403837	-1.0403333	-1.0403376	-1.04021	-1.0403818	-1.0402472	-1.0402692	-1.0402534	-1.0402924	-1.0404128	-1.0401899	-1.0402744	-1.0401651	-1.04015	-1.0402731	-1.0401916	-1.0403194	-1.040297	-1.0403266	-1.0403179	-1.0401714	-1.0402153	-1.04033	-1.040217	-1.0404169	-1.040232	-1.0402076	-1.0404077	-1.0403932	-1.0403163	-1.0402354	-1.0403007	-1.0401823	-1.0403867	-1.0403083	-1.0403678	-1.0404151	-1.0404096	-1.0403289	-1.0402738	-1.0404194	-1.0402059	-1.0403515	-1.0403103	-1.0403612	-1.0401899	-1.0403704	-1.0402029	-1.0402825	-1.0403089	-1.0401459	-1.0403633	-1.0404178	-1.0404042	-1.0403333	-1.0403297	-1.0402336	-1.0401639	-1.0402224	-1.0401481	-1.040242	-1.0402437	-1.0403572	-1.0403017	-1.0403335	-1.0402692	-1.0402139	-1.0403265
