1	0.053053325	0.040692819	0.039424033	0.006438627	0.01815379	0.043179367	0.015575777	0.023580542	0.0068416659	0.039422098	0.033632369	0.026710739	0.021756984	0.021418027	0.0051572916	0.049473717	0.014590543	0.010221594	0.121	0.462	0.81	1.011	1.107	1.144	1.027	0.685	0.342	0.149	0.059	0.026862481	0.04232353	0.050702477	0.040950791	0.013357059	0.048743234	0.038720624	0.013947599	-0.0056547106	0.036245352	-0.006197159	0.03703653	-0.0047552201	-0.0073410568	0.042491026	0.025755387	0.032164049	-0.084	-0.314	-0.539	-0.662	-0.721	-0.75	-0.764	-0.769	-0.77	-0.768	-0.769	-0.773	-0.771	-0.765	-0.763	-0.765	-0.767	-0.769	-0.768	-0.766	-0.766	-0.767	-0.767	-0.765	-0.761	-0.761	-0.766	-0.77	-0.77	-0.769	-0.768	-0.767	-0.766	-0.766	-0.765	-0.763	-0.76	-0.756	-0.755	-0.756	-0.755	-0.755	-0.756	-0.675	-0.453	-0.227	-0.099	0.00023876049	0.012716522	0.021626865	0.051947601	0.0064640684	0.0070105371	0.016984276	0.0068794111	0.046881376	0.036239967	0.044447975	0.021840749	0.046653208	0.015522004	0.040294215	0.0080793876	0.043190499	0.0012148788	0.038095084	0.042773933	0.025422355	0.041422179	0.001371884	-0.00095742154	0.046874739	0.01692337	0.032279475	0.047572442	0.047104076	0.026100872	0.053601837	0.041712452	0.026250557	0.031441473	0.025175091	0.013327104	0.026375227	0.036641632	0.045296876	0.028462412	-0.0041394268	0.026497194	0.041008465	0.03712909	0.0054396571	0.01361931	0.02076281	0.035886841	0.047126149	0.033465737	0.035244965	0.027786101	0.045970288	0.027780141	0.044234926	0.022630805	0.043698975
1	0.043682887	0.044505793	0.044794321	0.048495147	0.020070777	0.055453525	0.051246767	0.053957529	0.043487377	0.004972365	0.028519303	0.0078286398	0.0044772141	0.018421732	0.041679378	0.031605907	0.028325581	0.0079659661	0.118	0.419	0.72	0.886	0.966	1.003	1.017	1.022	1.023	0.907	0.602	0.3	0.132	0.054	0.055379545	0.056330593	0.027088348	0.019412159	0.0023697027	0.045838242	0.0087953168	0.042871786	-0.0018579766	0.042192108	0.04374358	0.012333563	0.045904053	0.051740065	0.029821125	-0.143	-0.549	-0.955	-1.182	-1.286	-1.328	-1.346	-1.353	-1.356	-1.36	-1.363	-1.362	-1.359	-1.36	-1.364	-1.367	-1.366	-1.367	-1.368	-1.366	-1.364	-1.364	-1.364	-1.363	-1.361	-1.359	-1.359	-1.361	-1.363	-1.364	-1.365	-1.367	-1.366	-1.363	-1.36	-1.362	-1.363	-1.36	-1.36	-1.363	-1.365	-1.365	-1.365	-1.364	-1.362	-1.361	-1.361	-1.361	-1.361	-1.362	-1.363	-1.364	-1.364	-1.361	-1.355	-1.35	-1.351	-1.356	-1.361	-1.363	-1.363	-1.364	-1.217	-0.815	-0.41	-0.184	-0.078	-0.025982809	-0.0077395037	0.046055047	0.031518917	0.012763139	0.020133042	0.01540101	0.018272553	0.013296163	0.033092982	0.014595677	0.0032344376	0.043424537	0.030162175	0.018364614	0.0094870409	0.027749717	0.020851804	0.042688482	0.049459773	0.029559218	0.019790291	0.011800315	0.041685963	0.030353616	0.036411683	0.022566028	0.028619689	0.042744921	0.008034073	0.011899998	0.034195172	0.046746468	0.0295545	0.028873466	0.0042551514
1	0.02259095	0.041485442	0.036357405	0.041028584	0.043405534	0.021944813	0.0060652993	0.041733313	0.027639699	0.038276361	0.017359391	0.017554764	0.039874116	0.0021058288	0.0044857424	0.043234867	0.039515191	0.115	0.418	0.723	0.893	0.97	1	1.012	1.017	0.905	0.604	0.3	0.129	0.052	0.038123677	0.057688805	0.045746192	0.037541602	0.037173332	0.031965125	0.019541064	0.031123161	0.037652925	0.011848827	0.033226804	0.041009047	0.01000954	0.011157329	0.0088331017	0.010970023	-0.0029526573	0.018328395	0.030454972	0.013061511	0.043161541	0.012589226	0.032713379	-0.088	-0.356	-0.623	-0.77	-0.838	-0.869	-0.883	-0.888	-0.889	-0.892	-0.893	-0.89	-0.89	-0.893	-0.891	-0.883	-0.879	-0.882	-0.885	-0.884	-0.881	-0.881	-0.885	-0.889	-0.892	-0.893	-0.892	-0.891	-0.887	-0.881	-0.877	-0.878	-0.884	-0.885	-0.882	-0.88	-0.882	-0.886	-0.89	-0.893	-0.892	-0.886	-0.885	-0.888	-0.89	-0.892	-0.893	-0.794	-0.527	-0.262	-0.116	-0.001898832	0.016078789	0.028024084	0.031144101	0.041910562	0.019491535	0.047382272	0.052660891	0.013023325	0.033075286	0.026261984	0.023512585	0.042243001	0.0087325228	0.0088167443	0.014837202	-0.002893876	0.0042772603	0.012152914	-0.0068677732	0.041092053	0.0325688	0.033743398	0.01163437	0.028282921	0.03042781	0.026617797	0.00097385345	0.043537374	0.027325722	0.0092387062	0.023077079	0.021162102	0.0077056049	0.035096725	0.027896375	0.022767382	0.039592731	0.036258781	0.03430592	0.0073566366	0.016879131	0.010141468	0.0079140411	0.045286736	0.013246905
1	0.0024898384	0.0077181944	0.029482619	0.045493884	0.045347336	0.00505977	0.047209057	0.018302216	0.043318098	0.045568904	0.045477761	0.030688292	0.036771701	0.0043485205	0.0050072403	0.048536674	0.03275161	0.021836742	0.02084021	0.049813088	0.031636993	0.0043893595	0.0066989263	0.021345375	0.03679693	0.025866768	0.01301963	0.039427341	0.039893155	0.024004886	0.03535051	0.034827278	0.024924959	0.023309943	0.0455058	0.035321348	0.0010613579	0.029050364	0.02895795	0.019788647	0.012938163	0.041765126	0.017402396	0.05509627	0.015134483	0.047249842	0.017256068	0.046280665	0.013825251	0.045151211	0.0012046117	0.0046491054	-0.08	-0.298	-0.515	-0.637	-0.695	-0.716	-0.726	-0.735	-0.736	-0.734	-0.735	-0.736	-0.737	-0.739	-0.737	-0.735	-0.737	-0.739	-0.741	-0.742	-0.744	-0.743	-0.738	-0.731	-0.727	-0.725	-0.724	-0.728	-0.731	-0.733	-0.733	-0.729	-0.729	-0.733	-0.736	-0.739	-0.741	-0.741	-0.738	-0.736	-0.735	-0.736	-0.739	-0.742	-0.743	-0.739	-0.733	-0.647	-0.43	-0.214	-0.094	-0.034263258	0.028156344	0.024854075	0.013222809	0.043450809	0.014281484	0.021556864	0.0060015787	0.029778096	-0.0073445446	0.0374982	0.041105546	0.033802409	0.040970113	0.017020994	0.032699433	0.043150848	0.0022237573	0.101	0.367	0.635	0.786	0.857	0.888	0.8	0.535	0.268	0.118	0.067325366	0.053956084	0.037212116	0.02914464	0.038079386	0.050422249	0.047082066	0.037434195	0.032276004	0.040745961	0.00072914926	0.044491001	0.015114807	0.0452164	0.020996566	0.024980851	0.020005031	0.036765962	0.031706714
1	0.030316359	0.0039845025	0.044046086	0.037493081	0.0065313498	0.033349571	0.020327168	0.035553532	0.044127063	0.053147782	0.022557787	0.019999736	0.021346581	0.011481887	0.021609584	0.010589421	0.027163835	0.021134389	0.029331668	0.020673193	0.041695304	0.04750916	0.049869652	0.052513669	0.041712678	0.061280713	0.047981591	0.0091117268	0.0061850119	0.0094193409	0.024945561	0.042309915	0.017519796	0.019058539	0.039387352	0.04321594	0.041416244	0.0057169554	0.044377038	0.035836385	0.019334659	0.053668877	0.015841631	0.042888848	0.032516541	0.031216464	0.00040558105	0.026281482	0.023436056	0.035731589	0.037614326	0.037182403	-0.129	-0.482	-0.835	-1.029	-1.118	-1.158	-1.176	-1.184	-1.188	-1.19	-1.192	-1.193	-1.19	-1.186	-1.182	-1.178	-1.181	-1.186	-1.185	-1.18	-1.176	-1.176	-1.177	-1.179	-1.18	-1.181	-1.179	-1.179	-1.18	-1.18	-1.183	-1.188	-1.189	-1.189	-1.189	-1.186	-1.18	-1.175	-1.177	-1.18	-1.18	-1.177	-1.176	-1.176	-1.179	-1.185	-1.188	-1.188	-1.185	-1.182	-1.178	-1.175	-1.175	-1.178	-1.179	-1.179	-1.182	-1.184	-1.054	-0.703	-0.348	-0.15	-0.061	0.0026257238	0.0013433741	0.038394184	0.034421671	0.040300193	0.094	0.352	0.61	0.751	0.813	0.839	0.759	0.513	0.262	0.119	0.053	0.045127792	0.063647083	0.011717601	0.042443445	0.020526015	-0.0011971518	0.0014280677	0.021867286	0.011166779	0.052542258	0.044902462	0.010675499	0.015467808	0.0089745859	0.044702974	0.01925914	0.029804176	0.01564182	0.028940615
1	0.010964832	0.016505127	0.033659467	0.012063381	0.018570356	0.033005972	0.038811395	-0.0026309431	0.027331056	0.0052954074	0.030485852	0.041937315	0.032162279	0.013696956	0.012725681	0.024078425	0.012869293	0.022776347	0.024616306	0.054980899	0.028671932	0.025432886	0.042712037	0.045852309	0.024547687	0.038762874	0.015639635	0.022007145	0.0099519041	0.034484071	0.035788196	0.046823668	0.039582771	0.01145715	0.032845893	0.037843276	0.040464434	0.036663322	0.0080520879	0.0074533616	0.035361839	0.026315776	0.045653636	0.046879161	0.01490931	0.021307309	0.0022742981	0.03303147	0.03107548	0.0065252667	0.032057563	0.018989078	0.036527113	-0.135	-0.505	-0.873	-1.08	-1.18	-1.219	-1.231	-1.238	-1.244	-1.248	-1.251	-1.25	-1.246	-1.242	-1.238	-1.236	-1.236	-1.239	-1.242	-1.244	-1.244	-1.242	-1.239	-1.24	-1.242	-1.246	-1.247	-1.246	-1.245	-1.247	-1.248	-1.246	-1.247	-1.25	-1.251	-1.249	-1.246	-1.245	-1.245	-1.247	-1.248	-1.246	-1.244	-1.245	-1.244	-1.244	-1.244	-1.242	-1.238	-1.233	-1.232	-1.234	-1.24	-1.245	-1.246	-1.244	-1.242	-1.244	-1.249	-1.251	-1.113	-0.743	-0.37	-0.162	-0.066	0.020836176	0.0089415772	0.115	0.436	0.75	0.922	1.005	1.044	0.941	0.631	0.32	0.149	0.066	0.048672487	0.033554627	0.045798258	0.021551671	-0.0022726843	0.0092644375	0.020013579	0.0028309455	-0.0014353099	0.014873919	0.0096904964	0.036981142	0.033662036	0.040106582	0.031932104	0.029044962	0.020582707	0.013929741	0.041738132
1	0.044371406	0.052698625	0.012101302	0.025011633	0.009519053	0.054856308	0.029893331	0.019053233	0.041729365	0.04571733	0.055864357	0.053978683	0.033161204	0.03828862	0.0045609506	0.049673084	0.106	0.382	0.658	0.812	0.884	0.916	0.93	0.933	0.935	0.833	0.554	0.272	0.116	0.058594782	0.045026276	0.049063909	0.010470289	0.021816181	0.023540727	0.032485927	0.056299235	0.013080473	0.024185772	0.046643094	0.0095462455	0.017612874	0.0073477764	0.027813595	0.05582291	0.00362087	0.106	0.392	0.682	0.845	0.92	0.954	0.969	0.976	0.978	0.979	0.981	0.982	0.981	0.98	0.983	0.984	0.979	0.977	0.979	0.979	0.979	0.982	0.987	0.986	0.981	0.977	0.977	0.978	0.981	0.983	0.983	0.981	0.98	0.978	0.975	0.974	0.973	0.971	0.973	0.972	0.969	0.97	0.971	0.974	0.978	0.983	0.983	0.98	0.981	0.985	0.987	0.988	0.99	0.988	0.984	0.982	0.977	0.97	0.967	0.861	0.577	0.293	0.135	0.059	0.05202223	0.022544728	0.015018491	0.028376324	0.0079430012	0.027196454	0.030410085	0.028200587	0.0017472143	0.022582701	0.02492687	0.03395494	0.038535964	0.031453859	0.037673154	0.020946363	-0.0085362226	0.031297827	0.030779078	-0.0019159013	0.01511409	0.0035401329	0.039807167	0.024147644	0.027746021	0.030892137	0.0038387821	0.011102361	0.02059326	0.038885553	0.038385474	0.013298271	0.014434555	0.01844938	0.055584481	0.0067524142	0.020973114	0.024906233	0.013523533	0.028008315
1	0.033692905	0.0047752336	0.026586023	0.022547255	0.043449999	0.015038534	0.018162587	0.020876706	0.016737673	0.043498588	-0.0008781755	0.024737997	0.027797996	0.022221881	0.046166411	0.019006167	0.038753659	0.0080242065	0.04476298	0.04585601	0.032515165	0.096	0.339	0.58	0.714	0.776	0.805	0.819	0.822	0.732	0.49	0.246	0.113	0.05	0.045073374	0.055867126	0.0077239862	0.01941302	0.013218348	0.027957988	0.025474237	0.038472114	0.0012027219	0.040953021	0.050074755	0.018572268	0.012482101	0.0053337713	0.027839315	0.030600829	0.034508042	0.106	0.395	0.685	0.85	0.928	0.96	0.97	0.973	0.979	0.981	0.98	0.977	0.973	0.972	0.974	0.976	0.977	0.975	0.972	0.973	0.978	0.983	0.984	0.986	0.987	0.985	0.979	0.978	0.982	0.983	0.983	0.983	0.983	0.982	0.982	0.982	0.981	0.978	0.976	0.978	0.982	0.982	0.98	0.979	0.982	0.989	0.991	0.984	0.979	0.977	0.975	0.974	0.975	0.978	0.98	0.98	0.978	0.977	0.974	0.971	0.975	0.873	0.588	0.303	0.143	0.063	0.049692465	0.046179519	0.051311022	0.016660942	0.031731654	0.016762712	0.02295874	0.044510621	0.002508446	0.0093166204	0.033710369	0.03392853	0.024652787	0.05052424	0.01638632	0.043364234	0.032809102	0.032145986	0.050612114	0.0047102912	0.029751237	0.010740146	0.01826047	0.021750914	0.045638396	0.0035942567	0.026432661	0.010019547	0.045836373	0.040149953	0.049890022	0.018223618	0.0310646
1	-0.00055113335	0.034473733	0.0073772257	0.0092504621	0.0014018557	0.021975044	0.036176772	0.018458875	0.043252804	0.051599756	0.0050713351	0.0056733565	0.018877946	0.0048033688	0.03997606	0.0055652601	0.036922026	0.116	0.443	0.766	0.945	1.031	0.945	0.635	0.317	0.142	0.064	0.072102318	0.049652637	0.029534801	0.015801608	0.0024971123	0.0016085079	0.034088608	0.041334228	0.041852406	0.02172683	0.045498755	0.021516942	0.014447885	0.0085736637	0.030785809	0.01667292	0.023463997	0.0090104641	0.0139091	0.039297339	0.04773278	0.04236875	0.024718234	0.00054171339	-0.0014587172	0.113	0.422	0.732	0.905	0.988	1.025	1.037	1.038	1.039	1.037	1.036	1.039	1.044	1.049	1.053	1.053	1.052	1.053	1.049	1.043	1.04	1.041	1.042	1.042	1.041	1.042	1.044	1.043	1.042	1.043	1.043	1.044	1.045	1.043	1.038	1.036	1.035	1.036	1.038	1.042	1.042	1.039	1.037	1.037	1.037	1.04	1.045	1.048	1.049	1.049	1.046	1.046	1.051	1.053	1.051	1.046	0.926	0.616	0.309	0.14	0.061	0.03747148	0.04166258	0.026678154	0.037336233	0.031817504	0.022706226	0.032523043	0.036288561	0.020216602	0.036579078	0.024198455	0.0042907526	0.05026516	0.043971268	0.037970909	0.02947351	0.0053584882	0.0368074	0.035028063	0.022890744	0.041506494	0.04415622	0.04328904	0.033696967	0.016997801	0.040679703	0.00065005958	0.028976169	0.029914765	0.036100128	0.035384508	0.016580492	0.0076488325	0.043108607	0.005564782	0.023521859	0.012941707
1	0.0096209527	0.033562115	0.011097945	0.014061021	0.037548916	0.045263997	0.016220622	0.033417474	0.016520829	0.010799507	0.02463451	0.04435499	0.013216804	0.011698577	0.011701866	0.038217797	0.013037435	0.022436726	0.039453705	0.031205089	0.036096278	0.036642587	0.0072271085	0.02711282	0.023482619	-0.00044734484	0.029786974	0.0034200708	0.024324661	0.023247459	0.043492477	0.0042986024	0.025417189	0.0020962399	0.048663803	0.024919744	0.020905595	0.0044138238	0.050826921	0.048618963	0.043220746	0.025988761	0.043254268	0.023487243	0.015956961	0.0075363379	0.029331918	0.011932936	0.019924015	0.0074677079	0.043875645	0.021917708	0.11	0.403	0.693	0.852	0.928	0.964	0.976	0.98	0.983	0.983	0.981	0.981	0.982	0.979	0.975	0.971	0.972	0.977	0.983	0.984	0.983	0.983	0.984	0.983	0.98	0.979	0.98	0.975	0.97	0.973	0.977	0.978	0.975	0.974	0.978	0.982	0.979	0.973	0.971	0.973	0.976	0.976	0.973	0.969	0.971	0.976	0.98	0.982	0.982	0.979	0.978	0.977	0.974	0.863	0.572	0.283	0.126	0.053	0.0589919	0.044029282	0.041707809	0.023349448	0.015463159	0.112	0.412	0.711	0.874	0.947	0.977	0.992	0.998	0.998	0.997	0.996	0.998	0.888	0.593	0.299	0.136	0.06	0.06432371	0.058403044	0.014745071	0.011113057	0.0052075431	0.026005475	0.001278503	-0.0025239968	0.028312726	0.021456092	0.042516404	0.047116864	0.014055844	0.010919509	0.030292925	0.055597933	0.014060682	0.0072901022
1	0.010964832	0.016505127	0.033659467	0.012063381	0.018570356	0.033005972	0.038811395	-0.0026309431	0.027331056	0.0052954074	0.030485852	0.041937315	0.032162279	0.013696956	0.012725681	0.024078425	0.012869293	0.022776347	0.024616306	0.054980899	0.028671932	0.025432886	0.042712037	0.045852309	0.024547687	0.038762874	0.015639635	0.022007145	0.0099519041	0.034484071	0.035788196	0.046823668	0.039582771	0.01145715	0.032845893	0.037843276	0.040464434	0.036663322	0.0080520879	0.0074533616	0.035361839	0.026315776	0.045653636	0.046879161	0.01490931	0.021307309	0.0022742981	0.03303147	0.03107548	0.0065252667	0.032057563	0.018989078	0.036527113	-0.135	-0.505	-0.873	-1.08	-1.18	-1.219	-1.231	-1.238	-1.244	-1.248	-1.251	-1.25	-1.246	-1.242	-1.238	-1.236	-1.236	-1.239	-1.242	-1.244	-1.244	-1.242	-1.239	-1.24	-1.242	-1.246	-1.247	-1.246	-1.245	-1.247	-1.248	-1.246	-1.247	-1.25	-1.251	-1.249	-1.246	-1.245	-1.245	-1.247	-1.248	-1.246	-1.244	-1.245	-1.244	-1.244	-1.244	-1.242	-1.238	-1.233	-1.232	-1.234	-1.24	-1.245	-1.246	-1.244	-1.242	-1.244	-1.249	-1.251	-1.113	-0.743	-0.37	-0.162	-0.066	0.020836176	0.0089415772	0.115	0.436	0.75	0.922	1.005	1.044	0.941	0.631	0.32	0.149	0.066	0.048672487	0.033554627	0.045798258	0.021551671	-0.0022726843	0.0092644375	0.020013579	0.0028309455	-0.0014353099	0.014873919	0.0096904964	0.036981142	0.033662036	0.040106582	0.031932104	0.029044962	0.020582707	0.013929741	0.041738132
1	0.026300424	0.020641493	0.042975949	0.03047423	0.028347193	0.026437672	0.043635956	0.028316203	0.041036749	0.045958155	0.040394508	0.049193122	0.04121007	0.022498549	0.00057840506	0.01169426	0.020450586	0.0055569057	0.028307279	0.032790773	0.034837805	0.018155221	0.036064375	0.04100431	0.034979192	0.0086563788	0.014545088	0.024932687	0.0025371977	0.03581608	0.040013009	0.020961183	0.023840117	0.010505993	0.052247107	0.03096656	0.019440376	0.018505066	0.042142696	0.021008689	0.016504334	0.023255426	0.102	0.368	0.633	0.78	0.849	0.879	0.891	0.898	0.907	0.913	0.91	0.907	0.906	0.904	0.903	0.903	0.904	0.903	0.901	0.901	0.901	0.905	0.91	0.907	0.902	0.899	0.899	0.902	0.906	0.906	0.906	0.908	0.908	0.906	0.906	0.904	0.902	0.903	0.903	0.901	0.901	0.903	0.904	0.902	0.899	0.9	0.902	0.9	0.9	0.901	0.899	0.897	0.797	0.53	0.263	0.116	0.06500936	0.042860066	0.028359987	0.031059089	0.036983404	0.021227794	0.04652454	0.03968397	0.01360882	0.037534898	0.019988641	0.019676042	0.051762329	0.024524051	0.049910544	0.018365971	0.022057612	0.013432259	0.05648998	0.042811144	0.013191629	0.042932218	0.007266573	0.094	0.332	0.573	0.707	0.769	0.706	0.478	0.241	0.108	0.068219613	0.036688501	0.036199229	0.030263064	0.011372097	0.034213625	0.024103367	0.026971124	0.012683175	0.039287027	0.022080376	0.010209735	0.035752932	0.0096486014	0.050991317	0.025082453	0.04410672	0.0033271985	0.028325384	0.029369603
2	0.015070734	0.0066355952	0.022704183	0.032252109	0.0082953707	0.0026430428	0.041469153	-0.0013977006	0.046143793	-0.0014882846	0.04362057	0.0099822443	0.012487921	0.02324889	0.022989204	0.018223192	0.049414063	0.0084644237	0.043508666	0.039329028	0.014787035	0.012098435	0.0065405319	0.04586801	0.032665904	0.024049805	0.031179701	0.025199863	0.026364741	0.0059799944	0.030517584	0.028309851	0.043040877	0.030667707	0.022180375	0.01382759	0.030130249	0.02812451	0.040683621	0.050256499	0.021218518	0.016228577	0.050355201	0.034030866	0.038487016	0.046688818	0.052026421	0.01972252	0.01327123	0.131	0.484	0.839	1.037	1.132	1.174	1.19	1.197	1.199	1.198	1.2	1.202	1.202	1.198	1.197	1.197	1.194	1.195	1.199	1.205	1.207	1.202	1.195	1.195	1.196	1.198	1.199	1.2	1.204	1.206	1.207	1.204	1.198	1.192	1.191	1.19	1.189	1.188	1.189	1.192	1.193	1.193	1.194	1.198	1.204	1.205	1.198	1.057	0.704	0.354	0.16	0.068	0.050150359	0.044066093	0.050290027	0.042425933	0.032254701	0.036253809	0.019876353	0.050759174	0.019361545	0.043918792	0.0042856492	0.024401728	0.025949048	0.0052072393	0.023787039	0.011426093	0.010946519	0.045755734	0.041368235	0.015683835	0.009739982	0.0057294629	0.0077875617	0.012166648	0.012176892	0.0087135962	0.043391156	0.03590535	0.02761227	0.010877755	0.034590005	0.03706237	0.045652805	0.0080009921	-0.0055747701	0.028113632	0.0088174097	0.034949862	0.0010448997	-0.002803374	0.028663731	0.02240565	0.049506873	0.0074270661	0.012077968	0.0082942782	0.021627016	0.036173225	-0.0030202272
2	0.017364895	0.02682061	0.020686574	0.035293209	0.019262345	0.031324118	0.032822722	0.036339143	0.0088156278	0.010860194	-0.0023229097	0.0022306209	0.020544956	0.052894726	0.049961311	0.042133321	0.0038008278	0.025025845	0.0051922682	-0.0013209973	-0.0048590088	0.015209062	0.0080677769	0.035407798	0.018154653	0.016680197	0.029277392	0.042684138	0.0052117962	0.029076415	0.045782986	0.034219119	0.046257569	0.032881509	0.038400958	0.030849559	0.033266865	0.01774463	0.018056845	0.01590594	0.02077956	0.049602307	0.038078957	0.038114765	0.013661957	0.033621787	0.034757736	0.135	0.486	0.837	1.031	1.119	1.156	1.172	1.178	1.178	1.175	1.175	1.177	1.18	1.182	1.184	1.182	1.177	1.176	1.177	1.178	1.178	1.178	1.177	1.177	1.181	1.183	1.181	1.182	1.185	1.187	1.189	1.19	1.189	1.187	1.184	1.182	1.182	1.179	1.176	1.176	1.177	1.177	1.178	1.179	1.178	1.176	1.175	1.176	1.178	1.18	1.18	1.179	1.177	1.174	1.173	1.044	0.697	0.349	0.154	0.062	0.032020885	0.030469189	0.040818619	0.035908047	0.044755247	0.032254875	0.0056999937	0.031685646	0.0038711608	0.0090201958	0.017167657	0.012476721	0.034645091	0.012934019	0.015967639	0.019736503	0.012310298	0.037169523	0.010557159	0.035568389	0.015529924	0.0038936702	0.02065815	0.0017263803	0.020280983	0.037593859	0.01419284	0.0080282445	0.020816937	0.037062792	0.029529238	0.030158497	0.011547354	0.033890912	0.026978602	0.0030137064	0.038962672	0.015347436	0.025497098	0.039134576	0.013322908	0.0055325285	0.007591994
2	0.027555805	0.039017666	0.0084183483	0.019438609	0.047569045	0.028828565	0.053038515	0.023868391	0.0087789503	0.039559085	0.03272708	0.031582859	0.028422844	0.017618806	0.033190479	0.039145844	0.01880372	0.013295363	0.01940872	0.017428371	0.010261133	0.03487403	0.047251624	0.037380931	0.031767527	0.033871063	0.005950647	0.040796049	0.036180811	0.029378008	0.030828656	0.037719809	0.014246741	0.016162529	0.0318943	0.0056487123	0.0035955157	0.017272551	0.028299123	0.031762721	0.055801269	0.026424382	0.008710338	0.038590941	0.030954365	0.012212691	0.045834833	0.01703565	0.044769114	0.017004982	0.093	0.344	0.6	0.742	0.804	0.828	0.841	0.85	0.852	0.85	0.85	0.852	0.852	0.851	0.85	0.854	0.856	0.852	0.848	0.845	0.842	0.844	0.849	0.853	0.856	0.858	0.856	0.85	0.848	0.852	0.856	0.859	0.86	0.859	0.857	0.856	0.855	0.854	0.855	0.856	0.859	0.859	0.86	0.863	0.862	0.856	0.852	0.85	0.848	0.849	0.758	0.507	0.251	0.107	0.043688237	0.044196791	0.034913767	0.019322233	0.040311622	0.022594513	0.0098265249	0.025371799	0.0089495912	0.026041069	0.019303523	0.012214264	0.0044505403	0.032748879	0.027127351	0.039555326	0.03655103	0.029410644	0.040846117	0.045863094	0.038173209	0.052075745	0.025948427	0.046371426	0.011309037	0.017029065	0.034148786	0.021632777	0.037948386	-0.00013325669	0.037256923	0.01415919	0.0031684466	0.0046574971	0.0069682864	0.036059036	0.034820071	0.0053528984	0.019184235	0.040484263	0.01789626	0.047998288	0.047759046	0.0025766786	0.022762212	0.036552686
2	0.038485163	0.0047272156	0.010889456	0.018563408	0.038751089	0.011415886	0.037171678	0.034410294	0.042903153	0.032458267	0.0058558881	0.029765482	0.0091899402	0.02462846	0.052685662	0.040250359	0.01795498	0.042672583	0.046825499	0.0087622209	0.038716975	0.0077145913	0.0085266268	0.033776709	0.015963395	0.038370043	0.044816516	0.0030810456	0.049681745	0.037612756	0.025736489	0.0088402603	0.0028514633	0.035727195	0.030935026	0.027727236	0.027071149	0.036165181	0.013693084	0.03853162	0.0042190119	0.018445749	0.022631048	0.012035039	0.011724608	0.012037299	0.029817316	0.041863789	0.0023908016	0.011663907	0.13	0.496	0.867	1.078	1.178	1.222	1.241	1.249	1.25	1.251	1.25	1.247	1.245	1.245	1.246	1.246	1.248	1.251	1.25	1.248	1.248	1.25	1.251	1.251	1.252	1.251	1.249	1.25	1.251	1.255	1.26	1.259	1.254	1.248	1.244	1.246	1.248	1.25	1.251	1.254	1.257	1.256	1.252	1.25	1.253	1.255	1.252	1.112	0.746	0.378	0.168	0.065	0.023200281	0.010148379	0.039686997	0.026872873	0.053897932	0.0086728531	0.035399415	0.046370022	0.049593497	0.038971442	0.010881874	0.003252412	0.002117647	-0.00067749297	0.0066793906	0.010234271	0.041338245	0.047188244	0.037689811	0.029461766	0.033366655	0.013098472	0.042933672	0.026374311	0.032541436	0.034355112	0.025524745	0.0069772312	0.0044717466	0.016241052	0.0094220289	0.025110234	0.043158989	0.0093492402	0.032888881	0.0072209409	0.038548678	-0.0018691366	0.03802926	0.022461094	0.032973571	0.042142228	0.044445729	0.055220027	0.017474061	0.019110984	0.012226339	0.0098581086
2	0.015531204	0.03502491	0.017632684	0.024192438	0.037604379	0.015680751	0.030470855	0.0054625233	0.023863728	0.03099513	0.018486416	0.012607343	0.048432492	0.044747814	0.020189682	0.025749228	0.049772673	0.043767079	0.02801912	0.015222304	0.0031150885	0.026673636	0.041076969	0.0047665187	0.025036755	0.00058586396	-0.0012364037	-0.0028175106	0.0417619	0.042123134	0.03733816	0.017426548	0.034924825	0.011706719	0.012251482	0.016268008	0.044903844	0.027483438	0.0396138	0.050705203	0.017866663	0.020192483	0.025154871	0.052968703	0.052949028	0.048141321	0.0034357554	0.0030585325	0.039135945	0.155	0.572	0.987	1.222	1.332	1.375	1.388	1.392	1.394	1.398	1.406	1.413	1.414	1.411	1.41	1.413	1.415	1.415	1.416	1.417	1.417	1.417	1.417	1.412	1.406	1.407	1.411	1.413	1.413	1.414	1.412	1.409	1.411	1.416	1.417	1.415	1.411	1.409	1.407	1.406	1.412	1.418	1.26	0.837	0.416	0.18	0.067	0.025557814	0.045564484	0.010487563	0.0011813896	0.034234393	0.032978877	0.012835099	0.036507446	0.0059106309	0.031728663	0.011683506	0.040769423	0.0035213508	0.047320018	0.02958026	0.0043390479	0.01153149	0.032358424	0.013092278	0.034644298	0.015381454	0.037489961	0.037977159	0.011764923	0.040287398	0.035446685	0.026427116	0.0075869792	0.031553858	0.027233798	0.035379993	0.023308432	-0.0023354702	0.0082649523	0.027963364	0.028472806	0.019623791	0.022508316	0.037055505	0.019665813	0.039874043	0.018119309	0.024857475	0.017381969	0.029265503	0.046204692	0.033019192	0.0068213135	0.0045198849	0.0098980596	0.032877834	0.03318682	0.019939445	0.050052095
2	0.031095888	0.020343772	0.019171844	0.022260297	0.010978405	0.0005561407	0.011831339	0.024208484	0.0051776471	0.026281327	0.037444702	0.026902571	0.011791407	3.9972831e-05	0.0086669869	-0.0041668893	0.034388858	0.041172593	0.0073515919	0.01831697	0.045361047	0.03317154	0.042634694	0.0092147703	0.011796514	0.030524181	0.025945184	0.026328798	0.021101338	0.048217441	0.021352747	0.041413673	0.050840744	0.0098274794	0.050624103	-0.00060086762	0.023751439	0.032403891	0.00077709632	0.0010004366	0.081	0.297	0.514	0.636	0.694	0.718	0.725	0.727	0.73	0.736	0.741	0.743	0.742	0.741	0.739	0.74	0.739	0.738	0.738	0.738	0.736	0.735	0.737	0.738	0.735	0.731	0.731	0.731	0.73	0.73	0.733	0.735	0.735	0.737	0.737	0.733	0.731	0.733	0.734	0.733	0.732	0.734	0.738	0.742	0.741	0.733	0.727	0.725	0.727	0.732	0.733	0.649	0.431	0.215	0.095	0.064902087	0.053541548	0.057947197	0.040695043	0.034995722	0.02670754	0.026924473	0.041778677	0.038685061	0.044137997	0.0077135003	0.020734777	0.014401135	0.0078470845	0.011795862	0.012939715	0.020548291	0.029941529	0.023369535	0.027589215	0.010368687	-0.003503201	0.025322758	0.037766583	0.0408416	0.024203302	0.013542618	0.0018646252	-0.0063332566	0.034473038	0.014312295	0.018521716	0.010732298	0.050436943	0.01560908	0.042933818	0.020516269	0.027194746	0.0030771037	0.042696023	0.0011501473	0.013595222	0.038872998	0.0079977622	0.046746727	0.017551997	0.022199478	0.018928626	0.027376962	0.034552797	0.0047874637	0.011590267	0.033680013	0.037306068	0.056993714
2	0.015949992	0.016484769	0.043640344	0.025462996	0.023758958	0.002660122	0.0033128914	0.042842123	0.043997392	0.018360997	0.035023521	0.034450039	0.0051492863	0.028301588	0.022970446	0.052682928	0.043927935	0.032700122	0.022667697	0.029866563	0.036135025	0.013409989	0.050756215	0.023422262	0.052585894	0.023284345	0.033130498	0.050289907	0.020274251	0.037545751	0.031696319	0.038695016	0.035662722	0.049142915	0.0048495861	0.023735415	0.03212443	0.0011853311	0.03649624	0.048634235	0.02260606	0.019164679	0.039086283	0.047837582	0.02072221	0.068	0.231	0.39	0.484	0.532	0.551	0.554	0.552	0.553	0.556	0.557	0.556	0.553	0.551	0.554	0.556	0.553	0.553	0.555	0.555	0.553	0.549	0.549	0.55	0.55	0.551	0.553	0.553	0.553	0.556	0.558	0.559	0.555	0.547	0.543	0.542	0.545	0.55	0.553	0.552	0.554	0.557	0.555	0.552	0.552	0.553	0.552	0.551	0.554	0.555	0.491	0.325	0.16	0.069	0.071681949	0.040593254	-0.0024780385	0.0053999908	0.029084093	0.0067158949	0.021190208	-0.00044691298	0.037473332	-0.0034165398	0.013455755	0.0062045895	0.036208822	0.0057243378	0.047885477	0.033859432	0.0062874965	0.019874985	0.043752254	0.014045931	0.044882648	0.030581248	0.021150822	0.00049049656	0.0076957014	0.011646964	0.0035571774	0.0065819075	0.01873291	0.0079875292	0.020410784	0.014104354	0.0014452388	0.009844194	0.0050222897	0.022681478	0.027228826	0.027728217	0.037199714	0.030168183	0.016333372	0.011229975	0.017214421	0.0099654968	0.041084201	0.041720178	0.013679228	0.020114576	0.020062679	0.047976262	0.050449969
2	0.035099206	0.01138027	0.003147735	0.024170873	0.027597661	0.0046370832	0.03329928	0.038063811	0.025159113	0.056367448	0.023384681	0.019130352	0.04795892	0.031477455	0.029703864	0.028560027	0.05384896	0.037194999	0.010018773	0.036011955	0.0065997518	0.033924416	0.040355153	0.040279418	0.01486725	0.0045889482	0.04219614	0.010758955	0.035051948	0.049743897	0.013498716	0.051072287	0.039999464	0.0073716995	0.0085044453	0.023272137	0.036586698	0.012579602	0.020910721	0.02080446	0.011487335	-0.0016707058	0.033579211	0.040206907	0.027002106	0.029898613	0.099	0.386	0.676	0.841	0.918	0.953	0.969	0.975	0.975	0.973	0.969	0.964	0.961	0.958	0.955	0.958	0.966	0.972	0.973	0.973	0.974	0.975	0.974	0.971	0.967	0.966	0.967	0.969	0.971	0.968	0.965	0.964	0.964	0.965	0.968	0.974	0.975	0.972	0.97	0.971	0.971	0.969	0.968	0.968	0.966	0.966	0.968	0.968	0.964	0.961	0.961	0.858	0.575	0.287	0.126	0.05	0.029457773	0.0065940633	0.047638211	0.038125037	0.015155601	0.044353183	0.0040846337	0.015825601	0.014508354	0.028681052	0.028868572	0.031705907	0.013870666	0.025852802	0.037304326	0.022317542	0.021916527	-0.002637115	0.049292313	0.010174489	0.014640949	0.042910976	0.013067751	0.03309402	0.0031598878	0.0044451663	0.043026214	0.045507155	0.024486691	0.040730485	0.012339931	0.023511521	0.0493044	0.040633689	0.033834142	0.00353574	0.038281603	0.034283455	0.032098528	0.011148783	0.036199368	0.03193496	0.014443375	0.023164175	0.03011415	0.03364206	0.016982098	0.010436495
2	0.040927039	0.048510865	0.024431986	0.041886852	0.035434649	0.045739294	0.047825922	0.046429658	0.050599929	0.015726644	0.015723792	0.04644157	0.043048564	0.016438262	0.01505362	0.031242326	0.038526106	0.033788005	0.030459692	0.021026062	0.030185893	0.02316006	0.052052521	0.015635867	0.016726319	0.0046228287	0.017959461	0.028756985	0.0093879997	0.020234029	0.052526406	0.026002654	-0.0067431019	0.022593282	0.041771748	0.0085932555	0.043881422	0.040841108	0.040018533	0.012763822	0.029905957	0.015890417	0.024514417	0.023549756	0.015759522	0.021241752	0.0098933472	0.02739476	0.023239637	0.030920349	0.030573408	0.046338856	0.017128452	0.034465831	0.011342524	0.021919029	0.020789293	0.118	0.397	0.679	0.839	0.913	0.941	0.948	0.95	0.951	0.952	0.957	0.964	0.966	0.962	0.959	0.956	0.953	0.952	0.955	0.955	0.956	0.958	0.959	0.959	0.96	0.959	0.956	0.956	0.959	0.958	0.955	0.958	0.957	0.952	0.95	0.952	0.955	0.961	0.963	0.958	0.955	0.956	0.954	0.952	0.953	0.953	0.952	0.953	0.956	0.959	0.959	0.956	0.957	0.959	0.959	0.853	0.568	0.283	0.128	0.058	0.046794458	0.01893899	0.020139721	0.041912717	0.028833199	0.030971215	0.015716067	0.045775785	0.016523017	0.012178424	0.005879137	0.023600438	0.020586904	0.020161939	0.017661325	0.0044905284	0.039651573	0.041968824	0.027379005	0.012694859	0.048591665	0.006371942	0.013739221	0.027800167	0.0064069346	0.040676444	0.033994248	0.019015146	0.025318534	0.022307858	0.017677796	0.041994677	0.012432463
2	0.026766788	0.021789774	0.022786765	0.010444739	0.039986738	-0.0020896681	0.045423514	0.01314423	-0.0020266839	0.026678697	0.016879128	0.02851322	-0.0075530922	0.041475015	0.025054758	0.038785601	-0.0031450273	0.017718704	0.0015642402	0.016383066	0.0077091535	0.0043157543	0.019063097	0.016164994	0.029829183	0.027547964	0.048009321	0.021393204	0.02716074	0.029393901	0.036937674	0.023997158	0.010151837	0.021176089	0.04369415	0.0054245459	0.030736891	0.022744561	0.027484855	0.046238687	0.042632221	0.031546069	0.010446396	0.044899987	0.043075393	0.11	0.392	0.673	0.828	0.898	0.929	0.939	0.943	0.944	0.944	0.946	0.95	0.955	0.956	0.954	0.95	0.948	0.945	0.944	0.946	0.948	0.946	0.943	0.943	0.946	0.95	0.952	0.952	0.952	0.952	0.952	0.952	0.952	0.951	0.949	0.946	0.945	0.947	0.954	0.957	0.954	0.949	0.947	0.95	0.952	0.951	0.95	0.95	0.948	0.947	0.945	0.941	0.942	0.949	0.952	0.954	0.954	0.843	0.558	0.278	0.127	0.056	0.030684812	0.010224104	0.04585054	0.025965733	-0.00057581245	0.012670444	0.025329023	-0.0025908031	0.038693498	0.03973438	-0.0044376439	0.045015286	0.03773613	0.0087399741	0.038832711	0.0089548259	0.02978889	0.010998509	0.0060311907	0.0120833	-0.0012901136	0.012630445	0.02060961	0.047286471	0.016871283	0.044760825	0.034703993	0.030611209	0.042527717	0.032105102	0.025718415	0.051071383	0.011813975	0.030775717	0.03392526	0.0080761761	0.005523214	0.030161676	0.0074119061	0.036953272	0.023008984	0.038438297	0.039628934
2	0.035705298	0.027144171	0.0129556	-0.00063717992	-0.004654818	-0.0022678195	0.010566056	0.010917768	0.030964901	0.050308978	0.055813749	0.044206301	0.019069106	0.038603642	0.045739835	0.0055309759	0.015263238	0.036057882	0.013021724	0.024290254	0.038142712	0.039755716	0.044582937	0.019079391	0.042596327	0.044816042	0.010398204	0.042827797	0.020185317	0.011659009	0.018340704	0.028979635	0.004256515	0.019971151	0.035647037	0.037438304	0.0046228409	0.012549909	0.014086553	-0.0011992846	0.023441449	0.039883064	0.047124074	0.0073241148	0.043944999	0.0071955008	0.0091889556	0.020464064	0.050990151	0.033319695	0.0026029786	0.02001055	0.0087850862	0.040765512	0.104	0.389	0.675	0.828	0.895	0.926	0.944	0.952	0.951	0.95	0.953	0.952	0.948	0.947	0.947	0.951	0.956	0.955	0.952	0.955	0.962	0.966	0.965	0.966	0.967	0.966	0.965	0.962	0.961	0.961	0.96	0.959	0.957	0.958	0.959	0.956	0.956	0.958	0.955	0.947	0.943	0.947	0.95	0.951	0.954	0.961	0.965	0.962	0.955	0.951	0.951	0.952	0.954	0.956	0.959	0.961	0.962	0.961	0.858	0.578	0.292	0.127	0.060945202	0.019245344	0.0057246825	0.0043928774	-0.0022582903	-0.0069130198	0.015303609	0.0089209614	0.013216097	0.036835293	0.051622979	0.047164403	0.0058466311	0.051994891	0.047889288	0.022403189	0.011935809	0.033455735	0.013656868	0.0094548493	0.040489212	0.052486376	0.024877716	0.036121708	0.018505137	0.039820376	0.0067551261	-0.00084665279	-0.00085239939	0.0049311651	0.01216661	0.033748715	0.042574416	0.0015212029
2	0.048631374	0.024220689	0.032412067	0.0087224252	0.0023327968	0.030799081	0.015194284	0.029351053	0.00060368422	0.038028981	0.010445021	0.035704067	-0.0023971143	0.0075677582	0.037611141	0.0093937082	0.050012962	0.017423384	0.011905909	0.023288694	0.038602704	-0.0030671169	0.023523787	0.035127816	0.037620204	-0.0022376232	-0.0016873009	0.035381597	0.021062256	0.032346652	0.0095994617	0.024900609	0.014166043	0.046647956	0.023691447	0.0022968106	0.0029573381	0.019479589	0.0077897301	0.015063117	0.026492708	0.018966182	0.037715301	0.045684255	0.013302869	0.00074251231	0.022084721	0.010221829	0.052399671	0.013614262	0.032694908	0.039113934	0.037738311	0.126	0.451	0.779	0.961	1.046	1.084	1.099	1.105	1.109	1.111	1.109	1.105	1.103	1.103	1.1	1.099	1.101	1.103	1.107	1.11	1.109	1.107	1.109	1.115	1.118	1.116	1.112	1.109	1.108	1.108	1.109	1.109	1.109	1.109	1.109	1.106	1.101	1.097	1.095	1.093	1.094	1.099	1.106	1.111	1.112	1.11	1.108	1.106	1.106	1.106	1.108	1.108	1.106	1.105	1.103	1.102	1.103	1.102	1.102	1.105	1.106	1.103	0.976	0.646	0.318	0.139	0.057	0.059823712	0.019648537	0.020338029	0.018429242	0.012654655	0.0018053907	0.0041387769	0.048379965	0.045283647	-0.00031052539	0.032239097	0.042003923	0.04144426	0.0088123876	0.023194955	0.039196585	0.030060767	0.0065290925	0.021617134	0.021966702	0.0064887523	0.0099122733	0.0189279	0.04648805	0.043121608	0.020648529	0.034954324	0.01794422	0.04516264	0.041076656
3	0.044216807	0.037163313	0.017170761	-0.00018462413	0.024360337	0.029624416	0.02580153	0.043949126	-0.0040160325	0.0036353645	0.036569878	0.026097347	0.018547176	0.039003612	0.0082328589	0.041528861	-0.11	-0.417	-0.722	-0.889	-0.968	-1.003	-0.902	-0.601	-0.297	-0.131	-0.057	0.01144118	0.0012715189	0.0030073594	0.029238333	0.030992881	0.032549221	0.026761556	0.017583017	0.026263671	0.014622421	0.023383957	0.033025059	0.042758661	0.050046174	0.039746471	0.00068667404	0.018361337	0.040639829	0.032403335	0.020206828	0.021131418	-0.153	-0.53	-0.903	-1.107	-1.201	-1.243	-1.257	-1.259	-1.26	-1.267	-1.272	-1.272	-1.268	-1.267	-1.27	-1.273	-1.272	-1.272	-1.272	-1.271	-1.269	-1.27	-1.276	-1.278	-1.272	-1.266	-1.262	-1.265	-1.271	-1.273	-1.269	-1.269	-1.271	-1.269	-1.267	-1.27	-1.272	-1.27	-1.265	-1.266	-1.272	-1.274	-1.271	-1.269	-1.27	-1.27	-1.268	-1.267	-1.269	-1.273	-1.274	-1.275	-1.277	-1.276	-1.272	-1.27	-1.128	-0.752	-0.38	-0.174	-0.077	-0.0089690879	-0.00070487175	0.041407698	0.0011833768	0.048032689	0.032082	0.032053455	0.040697821	0.030189883	0.034998476	0.010548405	0.030857633	-0.0017442308	0.0062826582	0.0081447393	0.01872342	-0.0040955707	-0.0068108221	0.035485752	0.025913694	0.0042067985	0.036569048	0.042679149	0.048404322	0.042032357	0.027280028	0.048469959	0.03380779	0.052184056	0.057685293	0.051706585	0.024414662	0.0079399432	0.014434661	0.034670946	0.03821939	0.0022823801	0.025720229	0.015896296	0.022785978	0.03025105
3	0.0081329667	0.032531236	0.034703078	0.030739374	0.02861664	0.017324619	0.025165366	0.013019075	0.011653083	0.0093060646	-0.00060808759	0.04244161	0.04177532	4.8459961e-06	0.045058659	0.046181795	0.038494004	0.043401649	0.042434445	-0.105	-0.392	-0.679	-0.839	-0.912	-0.944	-0.958	-0.855	-0.568	-0.279	-0.118	-0.020477195	-0.0030443052	0.0022884969	0.0089629586	0.032839781	0.027770091	0.053207912	0.049939075	0.04200554	0.044753772	0.014823069	0.02433043	0.050308345	0.028409338	0.033901758	0.034096575	0.0091511928	0.0096233002	0.036725673	0.009634707	-0.123	-0.446	-0.774	-0.955	-1.036	-1.066	-1.076	-1.079	-1.079	-1.077	-1.078	-1.08	-1.082	-1.084	-1.083	-1.081	-1.082	-1.085	-1.084	-1.081	-1.081	-1.083	-1.085	-1.085	-1.086	-1.086	-1.087	-1.087	-1.089	-1.09	-1.089	-1.09	-1.091	-1.09	-1.087	-1.085	-1.084	-1.085	-1.087	-1.09	-1.092	-1.092	-1.089	-1.089	-1.092	-1.092	-1.09	-1.09	-1.094	-0.971	-0.642	-0.317	-0.139	-0.055	0.017344789	0.04363896	0.017627862	0.013862013	0.00053952791	0.036774874	0.025647788	-0.00037386544	0.005566253	0.0097404477	0.056396136	0.05299667	0.001269502	0.030979448	0.04878575	0.0048314328	-0.0036466757	0.023442433	-0.0039557217	0.027970189	0.0013305693	0.021178452	0.030919846	-0.0032537863	0.036464255	0.031224293	0.039565734	0.0032110991	0.018014542	0.034902963	0.040435168	0.041095938	0.021808741	0.031136901	0.021423108	0.027258008	0.036368333	-0.0013941759	0.015184678	0.032295718	0.023097628	0.0017680466	0.015041918	0.022372952	0.0090075208	0.0080379357
3	0.045088719	0.020805918	0.025596144	0.0093631197	0.039357318	0.018954519	0.046458883	0.015692257	0.039448112	0.011731356	0.044746209	0.019869621	0.0084840511	0.0075680181	0.043930508	0.036829894	0.0037920546	0.0082931707	-0.107	-0.385	-0.661	-0.814	-0.884	-0.916	-0.828	-0.56	-0.285	-0.126	-0.051	0.019268543	0.0099908643	0.042547787	0.01020885	0.0047195676	0.036967577	0.039454519	0.027832792	0.018551667	0.028268281	0.0055451669	0.020979751	0.036766826	0.029282424	0.028866632	0.00854995	0.045152703	0.041690796	0.0086491207	-0.096	-0.349	-0.604	-0.745	-0.807	-0.83	-0.838	-0.843	-0.848	-0.852	-0.856	-0.859	-0.857	-0.856	-0.857	-0.859	-0.861	-0.858	-0.857	-0.857	-0.855	-0.851	-0.85	-0.853	-0.856	-0.858	-0.859	-0.857	-0.852	-0.85	-0.854	-0.855	-0.855	-0.856	-0.857	-0.857	-0.856	-0.855	-0.855	-0.856	-0.856	-0.856	-0.856	-0.858	-0.857	-0.854	-0.76	-0.51	-0.258	-0.118	-0.034736479	0.025522393	0.030947467	0.027561351	0.048857385	0.027623326	0.036326871	0.0066753386	0.013605526	0.0062266166	0.0022493528	0.011011053	0.014672844	0.011480097	0.034815699	0.037254744	0.0045793521	0.034078693	0.006295537	0.042908984	0.031326466	0.039391948	0.035921398	0.048973001	0.0017097187	0.0088551692	0.013407648	0.034661889	0.024143947	0.014075025	0.03090114	0.0032165036	0.021326009	0.01247983	0.01872558	0.048433561	0.020298774	0.03235752	0.044822747	0.040376952	0.023123228	0.0028062891	0.019885443	0.00098365649	0.026265479	0.00042674736	-0.0023173965	0.033300547	0.0055906281	0.022292477	0.048082066	0.0024313522
3	0.022669476	0.0089018706	-0.0054188367	0.0030946377	0.032853031	0.035366039	0.051482227	0.043687526	0.023584855	0.047066276	0.0072124635	0.027445161	0.016209798	-0.0072328246	-0.0041816793	0.0063068481	0.016863777	0.024477951	0.028230588	0.012271747	0.042458448	0.015576985	0.014030893	0.042701763	0.018544282	0.044864706	0.041059599	0.026641204	0.0041175123	0.02208797	0.022262285	0.052221368	0.013990241	0.048244694	0.024089695	0.036524712	0.022977946	0.019994413	0.034920887	0.023042412	0.025704857	0.049171394	0.026726078	0.009763638	-0.099	-0.367	-0.636	-0.787	-0.857	-0.887	-0.898	-0.899	-0.897	-0.898	-0.901	-0.905	-0.909	-0.91	-0.908	-0.904	-0.9	-0.901	-0.905	-0.906	-0.902	-0.9	-0.901	-0.9	-0.9	-0.906	-0.913	-0.914	-0.912	-0.913	-0.915	-0.918	-0.92	-0.918	-0.912	-0.908	-0.906	-0.904	-0.903	-0.904	-0.906	-0.91	-0.915	-0.915	-0.914	-0.915	-0.914	-0.812	-0.546	-0.276	-0.122	-0.05	0.020878897	-0.005235448	0.034602113	0.045471335	0.044803664	0.011220277	0.0038834812	0.026852789	0.0060608235	0.031006459	0.031490943	0.044138264	0.0055088625	0.044798437	0.0058159362	0.030065389	0.0088940942	0.024575312	0.047695841	0.0036882779	0.05029667	0.00685119	0.0143828	0.01502864	0.026606839	0.021723462	0.044670105	0.047592187	0.019432876	-0.0008298416	0.020621123	0.021519172	-0.094	-0.331	-0.573	-0.621	-0.442	-0.224	-0.1	-0.0050248898	0.003607769	0.013957411	0.043901932	0.042760915	0.030522317	0.0082631884	0.049836496	0.018304615	0.050289091	0.013404893	0.020692397	0.03352395	0.048035929	0.01289557
3	0.0051246061	-0.0017942853	0.021748113	0.025622449	0.030053108	0.043689311	0.049814286	0.051761288	0.025144947	0.019655544	0.04506114	0.034572988	0.037707746	0.050830686	0.033991672	0.030259213	0.04571769	0.04939194	0.050658592	0.047656652	0.045882436	0.038898364	0.029745171	0.028600033	0.025226977	0.0040309097	0.05099076	0.033943008	0.024720388	0.0089738203	0.036520263	0.042248675	0.030431908	0.040109583	0.035384708	0.003977665	0.0055550714	0.03073494	0.05159686	0.029101371	0.020965432	0.0014371673	0.036970313	0.035156967	0.051864926	0.018860815	0.028836589	0.03265148	-0.00089527873	0.016668947	-0.134	-0.488	-0.842	-1.038	-1.125	-1.16	-1.179	-1.187	-1.186	-1.186	-1.187	-1.186	-1.185	-1.187	-1.192	-1.194	-1.192	-1.192	-1.196	-1.199	-1.2	-1.2	-1.197	-1.195	-1.193	-1.192	-1.196	-1.199	-1.197	-1.195	-1.196	-1.196	-1.193	-1.186	-1.183	-1.05	-0.695	-0.34	-0.149	-0.064	-0.020178499	0.00024191026	0.036462262	0.04873647	0.041433174	-0.00057113077	0.043787964	0.029512332	0.030243754	0.020714263	0.023734907	0.050884912	0.046137149	0.036642121	0.021943856	0.043926693	0.025572052	0.051202332	0.0097375451	0.012275883	0.040320559	0.023607852	0.040174261	0.0022294152	0.02004895	0.006308066	0.018966923	0.013267683	0.016371234	0.038016603	-0.126	-0.447	-0.766	-0.943	-1.025	-1.061	-1.076	-1.081	-1.081	-0.96	-0.639	-0.32	-0.142	-0.059	0.017964349	-0.0033210144	0.0063386982	0.0011152033	0.014433932	-0.0034317661	0.028716909	0.028600909	0.015675342	0.013069263	0.023010745	0.01415703	0.019582987	0.021921052	0.0045449529	0.027197421
3	0.024716868	0.033607659	0.014628374	0.00059975889	0.0091497777	0.0024216708	0.035667453	0.021243836	0.05465765	0.010919112	0.02369435	0.051981381	0.028968887	0.038815648	0.037135943	0.031807373	0.01401446	0.0089902542	0.0096562598	0.015277004	0.0037360329	0.0018598535	0.027968032	0.0097493383	0.0023077406	-0.006795686	-0.0013974428	0.048575666	0.013700978	0.030991775	0.0074045704	0.050949435	0.049468565	0.022167581	0.041934133	0.029244324	0.010240093	0.02526708	0.030225951	0.0051860242	0.016301269	0.0022983398	0.010968863	0.0051311444	-0.101	-0.365	-0.633	-0.783	-0.851	-0.881	-0.895	-0.898	-0.896	-0.897	-0.902	-0.906	-0.909	-0.911	-0.91	-0.907	-0.902	-0.897	-0.896	-0.896	-0.896	-0.895	-0.893	-0.893	-0.896	-0.9	-0.904	-0.906	-0.904	-0.898	-0.89	-0.884	-0.888	-0.895	-0.899	-0.897	-0.892	-0.889	-0.892	-0.895	-0.898	-0.896	-0.89	-0.889	-0.893	-0.897	-0.898	-0.899	-0.902	-0.903	-0.903	-0.901	-0.899	-0.9	-0.902	-0.904	-0.905	-0.905	-0.902	-0.901	-0.899	-0.799	-0.532	-0.264	-0.115	-0.028899494	0.025972933	0.0031623127	-0.0012645628	0.034190918	0.044401338	0.010151057	0.051107636	-0.099	-0.374	-0.646	-0.795	-0.865	-0.897	-0.809	-0.544	-0.273	-0.12	-0.052	-0.01713277	-0.013454053	-0.000300339	0.032163978	0.0066036836	0.04009849	0.050218829	0.050004644	0.035668678	0.025229349	0.044252859	0.023701614	0.033745892	0.046271682	0.016853425	0.043661647	0.026036754	0.03191061	0.0079115508	-0.010335532	-0.0067133306	0.021336844
3	0.023701491	0.042789216	0.024493192	0.047308558	0.036079371	0.033189331	0.028312099	0.0050122862	0.0099802993	0.010496523	0.026471921	0.017540367	0.014312184	0.031968065	-0.0058304884	-0.123	-0.428	-0.734	-0.904	-0.979	-1.008	-1.022	-1.029	-0.913	-0.603	-0.298	-0.131	-0.052	0.0088259837	0.004745833	0.019197153	0.022606873	0.0097106692	0.024765406	0.018364052	0.026226059	0.030673435	-0.0034525121	0.0053069552	0.010380263	0.038522796	0.0074338438	0.0020350136	0.022286567	0.0066717153	0.038763755	0.00071734943	0.013961569	0.054007135	0.058	0.197	0.34	0.417	0.448	0.462	0.47	0.474	0.475	0.471	0.469	0.47	0.472	0.474	0.476	0.476	0.477	0.481	0.483	0.481	0.476	0.472	0.469	0.471	0.474	0.474	0.474	0.478	0.478	0.474	0.473	0.47	0.467	0.466	0.466	0.468	0.47	0.471	0.475	0.478	0.477	0.475	0.475	0.475	0.419	0.278	0.14	0.063	0.0661543	0.044250123	0.045443005	0.058621173	0.029956025	0.02161313	0.048644659	0.045382839	0.023723194	0.021700493	0.032752467	0.037422318	0.0034392951	0.041357875	0.052763645	0.042655302	0.015485222	0.038981322	0.037840389	0.043914418	0.0085893378	0.044978603	0.013545036	0.012585664	0.034354603	0.033915697	0.031917643	0.030033512	-0.0037675475	0.005995612	0.030962381	0.0019948081	0.034569629	0.033442543	0.042304489	0.0070479189	0.03067816	0.0075054241	0.015251147	0.022405294	0.038487283	0.015831509	-0.0034714354	0.021980114	0.052790782	0.029655959	0.028362173	0.026963378	0.039721082	0.0059197017	0.046599444	0.022001916	0.045290633
3	0.044429073	0.01656118	0.018818145	0.036317212	0.012248476	0.0086008334	0.050745458	0.032946034	0.051076838	0.046964635	0.016965924	0.0059922667	0.038989594	0.015627648	0.045816517	0.03018476	0.020058639	0.01660676	0.030643826	0.0031891531	0.052799509	-0.11	-0.41	-0.712	-0.881	-0.959	-0.99	-1.003	-0.896	-0.595	-0.295	-0.129	-0.05	0.0020038667	-0.0020830536	-0.003304704	0.0072671944	0.038196036	0.031666952	-0.0010329508	0.0094152222	0.022935609	0.026362972	0.01334973	0.014056055	0.028074561	0.028965632	0.032540741	0.017929195	0.111	0.419	0.729	0.904	0.983	1.014	1.026	1.031	1.029	1.025	1.021	1.02	1.02	1.021	1.023	1.028	1.032	1.029	1.024	1.023	1.024	1.026	1.029	1.028	1.025	1.023	1.023	1.025	1.026	1.025	1.026	1.03	1.034	1.037	1.039	1.041	1.041	1.038	1.034	1.031	1.026	1.023	1.024	1.026	1.027	1.03	1.031	1.033	1.035	0.918	0.61	0.303	0.131	0.05	0.0307397	0.020690861	0.046392029	0.049941636	0.0483089	0.050621891	0.023744371	0.031513532	0.007521361	0.031335224	0.027220889	0.030252515	0.040692361	0.035942819	0.00026703699	0.026401235	0.010400989	0.039603562	-0.0028509144	0.038702912	-0.0043075933	0.029844547	0.01835541	0.011934223	0.048519428	0.011880904	0.0074369879	0.012557142	0.023715477	0.011782758	0.024944614	0.00033907647	0.039390352	0.044895025	0.02141229	0.029152943	0.034504762	0.020624046	0.0086323288	0.050017099	0.050695033	0.040899286	0.011770354	0.052889203	0.049177168	0.047445486	0.042715648
3	0.024935332	-0.0065263966	0.040685914	0.038908226	0.024775095	0.021128423	0.0125311	0.042324728	0.0040610293	0.0072752346	0.025651471	0.0026821164	0.040925536	0.024705469	0.02457674	0.021889082	-0.0027243575	-0.119	-0.419	-0.721	-0.892	-0.973	-1.005	-1.018	-1.023	-0.91	-0.61	-0.312	-0.144	-0.062	0.021532002	0.015246238	0.014282504	0.010606604	0.025648876	0.036931584	0.04500338	0.0075075979	0.029478983	0.017120927	0.032660324	0.047384397	0.029175008	0.045287286	0.031752322	0.0044039307	0.119	0.44	0.764	0.946	1.035	1.074	1.088	1.093	1.095	1.096	1.096	1.094	1.09	1.089	1.087	1.084	1.082	1.084	1.089	1.097	1.103	1.105	1.104	1.102	1.097	1.097	1.099	1.098	1.096	1.093	1.092	1.091	1.09	1.086	1.082	1.085	1.089	1.091	1.089	1.086	1.086	1.086	0.966	0.645	0.323	0.145	0.063	0.036283522	0.059190944	0.009675654	0.038065308	0.03292866	0.010867751	0.0052783318	0.044674838	0.0060949743	0.0057770145	0.010273882	0.014107856	0.028696456	0.032893728	0.017099671	0.018256858	0.012241035	0.015392963	0.011209893	0.033930414	0.024387907	0.030476094	0.016821681	0.023072157	0.028494756	0.043730409	0.028833499	0.028284436	0.039565417	0.033513354	0.009132235	0.016767804	0.045267992	0.035581144	0.041346041	0.020566243	0.033234374	0.009379039	0.038108619	0.042505771	0.049362503	0.037283538	-0.0069523711	0.010171013	0.04290271	0.049214838	0.046322301	-0.0048627205	0.0179259	0.0023711528	0.028615507	0.025409621	0.00023127485	0.037453895	0.0079118067	0.014172163	0.023337075
3	0.0037147357	-0.0010833903	0.036099852	0.037577958	0.02535609	0.042291923	0.04821827	0.010951645	4.8867406e-05	0.016660652	0.0085842236	0.036456524	0.028984062	0.0082516609	0.037271565	0.01653924	0.042038013	0.041635963	0.042393822	0.0081918055	0.012040426	0.029991577	0.045141205	0.046680217	0.0038436913	0.034422261	0.024734431	0.033591892	0.0096023163	0.013006195	0.008101756	0.029831161	0.021886905	0.029056643	0.0028476723	0.042893408	0.0073382409	0.016421554	0.0080780632	0.027571838	0.037944731	0.010419206	0.027888901	0.015493046	0.022035135	0.011983984	0.027033017	0.049629185	0.029137175	0.048788177	0.174	0.617	1.059	1.302	1.412	1.458	1.477	1.486	1.493	1.494	1.492	1.493	1.495	1.496	1.497	1.499	1.497	1.495	1.497	1.5	1.498	1.497	1.499	1.502	1.502	1.498	1.497	1.5	1.502	1.502	1.503	1.504	1.504	1.503	1.5	1.499	1.497	1.497	1.498	1.498	1.333	0.892	0.45	0.204	0.087	0.035389875	0.030666906	0.013683209	0.025206921	0.021528755	0.024090352	0.041159816	0.012022255	0.026453588	0.025105146	0.022157135	0.032241321	0.0062229334	0.023898145	0.028695738	0.042655322	0.035975105	0.042666555	0.012605188	-0.0015114082	0.048924309	0.01895163	0.048098459	0.050680807	0.035704506	0.017280975	0.013667349	-0.109	-0.395	-0.685	-0.849	-0.925	-0.846	-0.569	-0.285	-0.129	-0.057	0.015230396	-0.0020540773	0.032088748	0.035865299	0.020956873	0.019307723	0.0096542576	0.022594066	0.00068860977	0.034539066	0.0055278083	0.0065693353	0.0048858188	0.0068245255	0.034219336	0.014696814	0.034204557	0.048706879
3	0.018104244	0.015129739	-0.0045387265	0.0058971375	0.042000746	0.01164879	0.0044732339	0.017801925	0.048617951	0.017751792	0.0050972633	0.032508208	0.0051220952	0.037135206	0.023906474	0.032075168	0.010617259	0.040220747	0.035219172	0.011834823	0.010506648	0.013409331	0.0040667536	0.048704198	0.051570049	0.015080832	0.022700946	0.027341129	0.025141556	0.01183469	0.019524651	0.037951867	0.037462578	0.011178991	0.039459948	0.043209482	0.015377763	0.010269864	0.023139277	0.040700774	0.01495374	0.036755928	0.033182336	0.02801927	0.00078113844	0.00051376708	0.000899685	0.038976764	0.038435041	0.035316026	0.047484097	0.023807591	0.017834616	0.103	0.379	0.654	0.806	0.878	0.91	0.922	0.923	0.921	0.921	0.919	0.921	0.926	0.928	0.93	0.93	0.925	0.924	0.928	0.932	0.932	0.929	0.928	0.924	0.923	0.928	0.934	0.936	0.935	0.935	0.935	0.932	0.93	0.931	0.933	0.932	0.927	0.925	0.925	0.924	0.922	0.92	0.919	0.919	0.919	0.921	0.925	0.927	0.824	0.551	0.275	0.121	0.054292162	0.060518862	0.026649233	0.0052827739	0.048077336	0.023317483	0.045257787	0.030226397	0.046648047	0.05018171	0.049055545	0.033894185	0.010015179	0.015967555	0.019354795	0.017295512	-0.099	-0.403	-0.709	-0.882	-0.962	-0.991	-0.889	-0.595	-0.299	-0.136	-0.061	0.023834247	0.003026731	0.034976472	0.043075252	0.036572263	0.029196111	0.0369316	0.0089223646	0.039172329	0.042362972	0.015236241	0.0040631043	0.041585069	0.006425044	0.001582997	0.042313746	0.0057735671	0.013754386
3	0.023204768	-0.0026800765	0.0073011875	0.032834128	0.039399363	0.024768383	0.037534784	0.038911576	0.013314009	0.0074296725	0.0061393294	0.046094597	0.018185918	0.037504317	0.027530828	0.0082622564	0.017877094	0.01769019	0.026981093	0.032563781	0.039286909	0.022585635	0.03509193	0.013405833	0.010438021	0.056445413	0.03597659	0.038132804	0.035157062	0.0036664019	0.040377445	0.0067801189	0.012963819	0.010382506	0.029354892	0.0087544795	0.023382666	0.036490026	0.01599085	0.028826932	0.056701536	0.029090829	0.051938539	0.0099400059	0.0025804577	0.112	0.416	0.719	0.885	0.963	1	1.015	1.018	1.017	1.017	1.019	1.018	1.017	1.016	1.014	1.014	1.018	1.023	1.031	1.035	1.032	1.026	1.023	1.023	1.024	1.026	1.026	1.023	1.022	1.021	1.02	1.02	1.023	1.024	1.025	1.027	1.027	1.019	1.01	1.007	1.011	1.017	1.02	0.908	0.606	0.304	0.136	0.059	0.055849153	0.051380604	0.057692441	0.020513944	0.021750244	0.019354692	0.0066932277	0.041340858	0.0085492925	0.011864337	0.015485363	0.043710474	0.030037489	0.020164698	0.010747944	0.027586289	0.031728788	-0.001155089	0.0089346745	0.039226684	0.016402805	0.023781892	0.01580415	0.054097311	0.047584934	0.012890153	0.04033884	0.0078352673	0.033361001	0.016173139	-0.104	-0.347	-0.587	-0.723	-0.694	-0.472	-0.236	-0.106	-0.032770891	0.019435095	0.027360711	0.017996013	0.015664495	0.038971084	0.048752168	0.030321348	0.0013059478	0.035176115	0.027825671	0.026348005	0.026300661	0.031105853	0.037185072	0.048443684	0.043181871	0.0027827903	-0.0014163282
